date,open,high,low,close,volume,dividends,split_ratio
2018-02-13 00:00:00+00:00,7.404970169067383,7.404970169067383,7.404970169067383,7.404970169067383,0,0.0,0.0
2018-02-14 00:00:00+00:00,7.581609249114989,7.581609249114989,7.581609249114989,7.58160924911499,569,0.0,0.0
2018-02-15 00:00:00+00:00,7.581609249114989,7.581609249114989,7.581609249114989,7.58160924911499,0,0.0,0.0
2018-02-16 00:00:00+00:00,7.581609249114989,7.581609249114989,7.581609249114989,7.58160924911499,0,0.0,0.0
2018-02-20 00:00:00+00:00,7.82405424118042,7.82405424118042,7.82405424118042,7.82405424118042,1708,0.0,0.0
2018-02-21 00:00:00+00:00,7.82405424118042,7.82405424118042,7.82405424118042,7.82405424118042,0,0.0,0.0
2018-02-22 00:00:00+00:00,7.82405424118042,7.82405424118042,7.82405424118042,7.82405424118042,0,0.0,0.0
2018-02-23 00:00:00+00:00,7.82405424118042,7.82405424118042,7.82405424118042,7.82405424118042,0,0.0,0.0
2018-02-26 00:00:00+00:00,7.92449603361242,7.92449603361242,7.772101879119873,7.772101879119873,1993,0.0,0.0
2018-02-27 00:00:00+00:00,7.813663959503174,7.813663959503174,7.813663959503174,7.813663959503174,2278,0.0,0.0
2018-02-28 00:00:00+00:00,7.813663959503174,7.813663959503174,7.813663959503174,7.813663959503174,0,0.0,0.0
2018-03-01 00:00:00+00:00,7.813663959503174,7.813663959503174,7.813663959503174,7.813663959503174,0,0.0,0.0
2018-03-02 00:00:00+00:00,7.813663959503174,7.813663959503174,7.813663959503174,7.813663959503174,0,0.0,0.0
2018-03-05 00:00:00+00:00,7.813663959503174,7.813663959503174,7.813663959503174,7.813663959503174,0,0.0,0.0
2018-03-06 00:00:00+00:00,7.813663959503174,7.813663959503174,7.813663959503174,7.813663959503174,0,0.0,0.0
2018-03-07 00:00:00+00:00,7.813663959503174,7.813663959503174,7.813663959503174,7.813663959503174,0,0.0,0.0
2018-03-08 00:00:00+00:00,7.931424140930176,7.931424140930176,7.931424140930176,7.931424140930176,285,0.0,0.0
2018-03-09 00:00:00+00:00,7.983376502990723,7.983376502990723,7.983376502990723,7.983376502990723,569,0.0,0.0
2018-03-12 00:00:00+00:00,8.031864452137626,8.031864452137626,8.02493667602539,8.02493667602539,569,0.0,0.0
2018-03-13 00:00:00+00:00,8.03532886505127,8.03532886505127,8.03532886505127,8.03532886505127,569,0.0,0.0
2018-03-14 00:00:00+00:00,8.03532886505127,8.03532886505127,8.03532886505127,8.03532886505127,0,0.0,0.0
2018-03-15 00:00:00+00:00,8.03532886505127,8.03532886505127,8.03532886505127,8.03532886505127,0,0.0,0.0
2018-03-16 00:00:00+00:00,8.03532886505127,8.03532886505127,8.03532886505127,8.03532886505127,0,0.0,0.0
2018-03-19 00:00:00+00:00,7.966057777404785,7.966057777404785,7.966057777404785,7.966057777404785,285,0.0,0.0
2018-03-20 00:00:00+00:00,7.966057777404785,7.966057777404785,7.966057777404785,7.966057777404785,0,0.0,0.0
2018-03-21 00:00:00+00:00,8.000693771312072,8.018010862852295,7.986840098079895,7.9903035163879395,1708,0.0,0.0
2018-03-22 00:00:00+00:00,7.94874053435135,7.94874053435135,7.914105415344238,7.914105415344238,3986,0.0,0.0
2018-03-23 00:00:00+00:00,8.024936782237663,8.024936782237663,7.7443933486938485,7.744393348693848,854,0.0,0.0
2018-03-26 00:00:00+00:00,7.7443933486938485,7.7443933486938485,7.7443933486938485,7.744393348693848,0,0.0,0.0
2018-03-27 00:00:00+00:00,8.0491826600883,8.0491826600883,7.765174865722657,7.765174865722656,1708,0.0,0.0
2018-03-28 00:00:00+00:00,7.765174865722657,7.765174865722657,7.765174865722657,7.765174865722656,0,0.0,0.0
2018-03-29 00:00:00+00:00,7.765174865722657,7.765174865722657,7.765174865722657,7.765174865722656,0,0.0,0.0
2018-04-02 00:00:00+00:00,7.765174865722657,7.765174865722657,7.765174865722657,7.765174865722656,0,0.0,0.0
2018-04-03 00:00:00+00:00,7.716686248779296,7.716686248779296,7.716686248779296,7.716686248779297,285,0.0,0.0
2018-04-04 00:00:00+00:00,7.716686248779296,7.716686248779296,7.716686248779296,7.716686248779297,0,0.0,0.0
2018-04-05 00:00:00+00:00,7.810199893705952,7.810199893705952,7.806736946105957,7.806736946105957,6548,0.0,0.0
2018-04-06 00:00:00+00:00,7.806736946105957,7.806736946105957,7.806736946105957,7.806736946105957,0,0.0,0.0
2018-04-09 00:00:00+00:00,7.917569160461426,7.917569160461426,7.917569160461426,7.917569160461426,3986,0.0,0.0
2018-04-10 00:00:00+00:00,7.917569160461426,7.917569160461426,7.917569160461426,7.917569160461426,0,0.0,0.0
2018-04-11 00:00:00+00:00,7.692440986633302,7.692440986633302,7.692440986633302,7.692440986633301,285,0.0,0.0
2018-04-12 00:00:00+00:00,7.692440986633302,7.692440986633302,7.692440986633302,7.692440986633301,0,0.0,0.0
2018-04-13 00:00:00+00:00,7.692440986633302,7.692440986633302,7.692440986633302,7.692440986633301,0,0.0,0.0
2018-04-16 00:00:00+00:00,7.779029369354249,7.779029369354249,7.779029369354249,7.779029369354248,285,0.0,0.0
2018-04-17 00:00:00+00:00,7.837908560686551,7.837908560686551,7.830981254577636,7.830981254577637,1139,0.0,0.0
2018-04-18 00:00:00+00:00,7.830981254577636,7.830981254577636,7.830981254577636,7.830981254577637,0,0.0,0.0
2018-04-19 00:00:00+00:00,7.830981254577636,7.830981254577636,7.830981254577636,7.830981254577637,0,0.0,0.0
2018-04-20 00:00:00+00:00,7.830981254577636,7.830981254577636,7.830981254577636,7.830981254577637,0,0.0,0.0
2018-04-23 00:00:00+00:00,7.896787643432617,7.896787643432617,7.896787643432617,7.896787643432617,285,0.0,0.0
2018-04-24 00:00:00+00:00,7.896787643432617,7.896787643432617,7.896787643432617,7.896787643432617,0,0.0,0.0
2018-04-25 00:00:00+00:00,7.896787643432617,7.896787643432617,7.896787643432617,7.896787643432617,0,0.0,0.0
2018-04-26 00:00:00+00:00,7.896787643432617,7.896787643432617,7.896787643432617,7.896787643432617,0,0.0,0.0
2018-04-27 00:00:00+00:00,7.896787643432617,7.896787643432617,7.896787643432617,7.896787643432617,0,0.0,0.0
2018-04-30 00:00:00+00:00,7.896787643432617,7.896787643432617,7.896787643432617,7.896787643432617,0,0.0,0.0
2018-05-01 00:00:00+00:00,7.896787643432617,7.896787643432617,7.896787643432617,7.896787643432617,0,0.0,0.0
2018-05-02 00:00:00+00:00,7.896787643432617,7.896787643432617,7.896787643432617,7.896787643432617,0,0.0,0.0
2018-05-03 00:00:00+00:00,7.7443933486938485,7.7443933486938485,7.7443933486938485,7.744393348693848,1424,0.0,0.0
2018-05-04 00:00:00+00:00,7.827518463134766,7.827518463134766,7.827518463134766,7.827518463134766,285,0.0,0.0
2018-05-07 00:00:00+00:00,7.931424140930176,7.931424140930176,7.931424140930176,7.931424140930176,1424,0.0,0.0
2018-05-08 00:00:00+00:00,7.931424140930176,7.931424140930176,7.931424140930176,7.931424140930176,0,0.0,0.0
2018-05-09 00:00:00+00:00,7.931424140930176,7.931424140930176,7.931424140930176,7.931424140930176,0,0.0,0.0
2018-05-10 00:00:00+00:00,7.9452757835388175,7.9452757835388175,7.9452757835388175,7.945275783538818,854,0.0,0.0
2018-05-11 00:00:00+00:00,7.9452757835388175,7.9452757835388175,7.9452757835388175,7.945275783538818,0,0.0,0.0
2018-05-14 00:00:00+00:00,7.927958965301514,7.927958965301514,7.927958965301514,7.927958965301514,2847,0.0,0.0
2018-05-15 00:00:00+00:00,7.927958965301514,7.927958965301514,7.927958965301514,7.927958965301514,0,0.0,0.0
2018-05-16 00:00:00+00:00,7.927958965301514,7.927958965301514,7.927958965301514,7.927958965301514,0,0.0,0.0
2018-05-17 00:00:00+00:00,7.927958965301514,7.927958965301514,7.927958965301514,7.927958965301514,0,0.0,0.0
2018-05-18 00:00:00+00:00,7.927958965301514,7.927958965301514,7.927958965301514,7.927958965301514,0,0.0,0.0
2018-05-22 00:00:00+00:00,7.927958965301514,7.927958965301514,7.927958965301514,7.927958965301514,0,0.0,0.0
2018-05-23 00:00:00+00:00,7.927958965301514,7.927958965301514,7.927958965301514,7.927958965301514,0,0.0,0.0
2018-05-24 00:00:00+00:00,7.927958965301514,7.927958965301514,7.927958965301514,7.927958965301514,0,0.0,0.0
2018-05-25 00:00:00+00:00,7.927958965301514,7.927958965301514,7.927958965301514,7.927958965301514,0,0.0,0.0
2018-05-28 00:00:00+00:00,8.094208090821594,8.097671508789062,8.094208090821594,8.097671508789062,569,0.0,0.0
2018-05-29 00:00:00+00:00,7.997230843494433,8.000693321228027,7.997230843494433,8.000693321228027,569,0.0,0.0
2018-05-30 00:00:00+00:00,8.000693321228027,8.000693321228027,8.000693321228027,8.000693321228027,0,0.0,0.0
2018-05-31 00:00:00+00:00,8.000693321228027,8.000693321228027,8.000693321228027,8.000693321228027,0,0.0,0.0
2018-06-01 00:00:00+00:00,8.000693321228027,8.000693321228027,8.000693321228027,8.000693321228027,0,0.0,0.0
2018-06-04 00:00:00+00:00,8.000693321228027,8.000693321228027,8.000693321228027,8.000693321228027,0,0.0,0.0
2018-06-05 00:00:00+00:00,8.000693321228027,8.000693321228027,8.000693321228027,8.000693321228027,0,0.0,0.0
2018-06-06 00:00:00+00:00,8.000693321228027,8.000693321228027,8.000693321228027,8.000693321228027,0,0.0,0.0
2018-06-07 00:00:00+00:00,8.000693321228027,8.000693321228027,8.000693321228027,8.000693321228027,0,0.0,0.0
2018-06-08 00:00:00+00:00,8.000693321228027,8.000693321228027,8.000693321228027,8.000693321228027,0,0.0,0.0
2018-06-11 00:00:00+00:00,8.000693321228027,8.000693321228027,8.000693321228027,8.000693321228027,0,0.0,0.0
2018-06-12 00:00:00+00:00,8.20157527923584,8.20157527923584,8.20157527923584,8.20157527923584,569,0.0,0.0
2018-06-13 00:00:00+00:00,8.388607025146484,8.388607025146484,8.388607025146484,8.388607025146484,569,0.0,0.0
2018-06-14 00:00:00+00:00,8.388607025146484,8.388607025146484,8.388607025146484,8.388607025146484,0,0.0,0.0
2018-06-15 00:00:00+00:00,8.2916259765625,8.2916259765625,8.2916259765625,8.2916259765625,1139,0.0,0.0
2018-06-18 00:00:00+00:00,8.333189010620117,8.333189010620117,8.333189010620117,8.333189010620117,2847,0.0,0.0
2018-06-19 00:00:00+00:00,8.333189010620117,8.333189010620117,8.333189010620117,8.333189010620117,0,0.0,0.0
2018-06-20 00:00:00+00:00,8.333189010620117,8.333189010620117,8.333189010620117,8.333189010620117,0,0.0,0.0
2018-06-21 00:00:00+00:00,8.333189010620117,8.333189010620117,8.333189010620117,8.333189010620117,0,0.0,0.0
2018-06-22 00:00:00+00:00,8.34704303741455,8.34704303741455,8.34704303741455,8.34704303741455,569,0.0,0.0
2018-06-25 00:00:00+00:00,8.34704303741455,8.34704303741455,8.34704303741455,8.34704303741455,0,0.0,0.0
2018-06-26 00:00:00+00:00,8.34704303741455,8.34704303741455,8.34704303741455,8.34704303741455,0,0.0,0.0
2018-06-27 00:00:00+00:00,8.34704303741455,8.34704303741455,8.34704303741455,8.34704303741455,0,0.0,0.0
2018-06-28 00:00:00+00:00,8.34704303741455,8.34704303741455,8.34704303741455,8.34704303741455,0,0.0,0.0
2018-06-29 00:00:00+00:00,8.34704303741455,8.34704303741455,8.34704303741455,8.34704303741455,0,0.0,0.0
2018-07-03 00:00:00+00:00,8.34704303741455,8.34704303741455,8.34704303741455,8.34704303741455,0,0.0,0.0
2018-07-04 00:00:00+00:00,8.243139266967773,8.243139266967773,8.243139266967773,8.243139266967773,2847,0.0,0.0
2018-07-05 00:00:00+00:00,8.208502769470215,8.208502769470215,8.208502769470215,8.208502769470215,2847,0.0,0.0
2018-07-06 00:00:00+00:00,8.208502769470215,8.208502769470215,8.208502769470215,8.208502769470215,0,0.0,0.0
2018-07-09 00:00:00+00:00,8.208502769470215,8.208502769470215,8.208502769470215,8.208502769470215,0,0.0,0.0
2018-07-10 00:00:00+00:00,8.208502769470215,8.208502769470215,8.208502769470215,8.208502769470215,0,0.0,0.0
2018-07-11 00:00:00+00:00,8.208502769470215,8.208502769470215,8.208502769470215,8.208502769470215,0,0.0,0.0
2018-07-12 00:00:00+00:00,8.208502769470215,8.208502769470215,8.208502769470215,8.208502769470215,0,0.0,0.0
2018-07-13 00:00:00+00:00,8.208502769470215,8.208502769470215,8.208502769470215,8.208502769470215,0,0.0,0.0
2018-07-16 00:00:00+00:00,8.218893754662272,8.34704303741455,8.218893754662272,8.34704303741455,854,0.0,0.0
2018-07-17 00:00:00+00:00,8.34704303741455,8.34704303741455,8.34704303741455,8.34704303741455,0,0.0,0.0
2018-07-18 00:00:00+00:00,8.34704303741455,8.34704303741455,8.34704303741455,8.34704303741455,0,0.0,0.0
2018-07-19 00:00:00+00:00,8.34704303741455,8.34704303741455,8.34704303741455,8.34704303741455,0,0.0,0.0
2018-07-20 00:00:00+00:00,8.34704303741455,8.34704303741455,8.34704303741455,8.34704303741455,0,0.0,0.0
2018-07-23 00:00:00+00:00,8.34704303741455,8.34704303741455,8.34704303741455,8.34704303741455,0,0.0,0.0
2018-07-24 00:00:00+00:00,8.34704303741455,8.34704303741455,8.34704303741455,8.34704303741455,0,0.0,0.0
2018-07-25 00:00:00+00:00,8.3608980178833,8.3608980178833,8.3608980178833,8.3608980178833,11388,0.0,0.0
2018-07-26 00:00:00+00:00,8.3608980178833,8.3608980178833,8.3608980178833,8.3608980178833,0,0.0,0.0
2018-07-27 00:00:00+00:00,8.3608980178833,8.3608980178833,8.3608980178833,8.3608980178833,0,0.0,0.0
2018-07-30 00:00:00+00:00,8.3608980178833,8.3608980178833,8.3608980178833,8.3608980178833,0,0.0,0.0
2018-07-31 00:00:00+00:00,8.3608980178833,8.3608980178833,8.3608980178833,8.3608980178833,0,0.0,0.0
2018-08-01 00:00:00+00:00,8.3608980178833,8.3608980178833,8.3608980178833,8.3608980178833,0,0.0,0.0
2018-08-02 00:00:00+00:00,8.3608980178833,8.3608980178833,8.3608980178833,8.3608980178833,0,0.0,0.0
2018-08-03 00:00:00+00:00,8.3608980178833,8.3608980178833,8.3608980178833,8.3608980178833,0,0.0,0.0
2018-08-07 00:00:00+00:00,8.3608980178833,8.3608980178833,8.3608980178833,8.3608980178833,0,0.0,0.0
2018-08-08 00:00:00+00:00,8.3608980178833,8.3608980178833,8.3608980178833,8.3608980178833,0,0.0,0.0
2018-08-09 00:00:00+00:00,8.3608980178833,8.3608980178833,8.3608980178833,8.3608980178833,0,0.0,0.0
2018-08-10 00:00:00+00:00,8.3608980178833,8.3608980178833,8.3608980178833,8.3608980178833,0,0.0,0.0
2018-08-13 00:00:00+00:00,8.3608980178833,8.3608980178833,8.3608980178833,8.3608980178833,285,0.0,0.0
2018-08-14 00:00:00+00:00,8.3608980178833,8.3608980178833,8.3608980178833,8.3608980178833,0,0.0,0.0
2018-08-15 00:00:00+00:00,8.3608980178833,8.3608980178833,8.3608980178833,8.3608980178833,0,0.0,0.0
2018-08-16 00:00:00+00:00,8.3608980178833,8.3608980178833,8.3608980178833,8.3608980178833,0,0.0,0.0
2018-08-17 00:00:00+00:00,8.3608980178833,8.3608980178833,8.3608980178833,8.3608980178833,0,0.0,0.0
2018-08-20 00:00:00+00:00,8.388607025146484,8.388607025146484,8.388607025146484,8.388607025146484,854,0.0,0.0
2018-08-21 00:00:00+00:00,8.395533561706543,8.395533561706543,8.395533561706543,8.395533561706543,2562,0.0,0.0
2018-08-22 00:00:00+00:00,8.395533561706543,8.395533561706543,8.395533561706543,8.395533561706543,0,0.0,0.0
2018-08-23 00:00:00+00:00,8.35743236541748,8.35743236541748,8.35743236541748,8.35743236541748,854,0.0,0.0
2018-08-24 00:00:00+00:00,8.36782455444336,8.36782455444336,8.36782455444336,8.36782455444336,2847,0.0,0.0
2018-08-27 00:00:00+00:00,8.388607025146484,8.388607025146484,8.388607025146484,8.388607025146484,2847,0.0,0.0
2018-08-28 00:00:00+00:00,8.388607025146484,8.388607025146484,8.388607025146484,8.388607025146484,0,0.0,0.0
2018-08-29 00:00:00+00:00,8.388607025146484,8.388607025146484,8.388607025146484,8.388607025146484,0,0.0,0.0
2018-08-30 00:00:00+00:00,8.388607025146484,8.388607025146484,8.388607025146484,8.388607025146484,0,0.0,0.0
2018-08-31 00:00:00+00:00,8.388607025146484,8.388607025146484,8.388607025146484,8.388607025146484,0,0.0,0.0
2018-09-04 00:00:00+00:00,8.450948715209963,8.450948715209963,8.450948715209963,8.450948715209961,854,0.0,0.0
2018-09-05 00:00:00+00:00,8.450948715209963,8.450948715209963,8.450948715209963,8.450948715209961,0,0.0,0.0
2018-09-06 00:00:00+00:00,8.450948715209963,8.450948715209963,8.450948715209963,8.450948715209961,0,0.0,0.0
2018-09-07 00:00:00+00:00,8.457876205444336,8.457876205444336,8.457876205444336,8.457876205444336,285,0.0,0.0
2018-09-10 00:00:00+00:00,8.457876205444336,8.457876205444336,8.457876205444336,8.457876205444336,0,0.0,0.0
2018-09-11 00:00:00+00:00,8.457876205444336,8.457876205444336,8.457876205444336,8.457876205444336,0,0.0,0.0
2018-09-12 00:00:00+00:00,8.457876205444336,8.457876205444336,8.457876205444336,8.457876205444336,0,0.0,0.0
2018-09-13 00:00:00+00:00,8.457876205444336,8.457876205444336,8.457876205444336,8.457876205444336,0,0.0,0.0
2018-09-14 00:00:00+00:00,8.416313171386719,8.416313171386719,8.416313171386719,8.416313171386719,569,0.0,0.0
2018-09-17 00:00:00+00:00,8.416313171386719,8.416313171386719,8.416313171386719,8.416313171386719,0,0.0,0.0
2018-09-18 00:00:00+00:00,8.34358024597168,8.34358024597168,8.34358024597168,8.34358024597168,285,0.0,0.0
2018-09-19 00:00:00+00:00,8.34358024597168,8.34358024597168,8.34358024597168,8.34358024597168,0,0.0,0.0
2018-09-20 00:00:00+00:00,8.34358024597168,8.34358024597168,8.34358024597168,8.34358024597168,0,0.0,0.0
2018-09-21 00:00:00+00:00,8.34358024597168,8.34358024597168,8.34358024597168,8.34358024597168,0,0.0,0.0
2018-09-24 00:00:00+00:00,8.34358024597168,8.34358024597168,8.34358024597168,8.34358024597168,0,0.0,0.0
2018-09-25 00:00:00+00:00,8.34358024597168,8.34358024597168,8.34358024597168,8.34358024597168,0,0.0,0.0
2018-09-26 00:00:00+00:00,8.34358024597168,8.34358024597168,8.34358024597168,8.34358024597168,0,0.0,0.0
2018-09-27 00:00:00+00:00,8.34358024597168,8.34358024597168,8.34358024597168,8.34358024597168,0,0.0,0.0
2018-09-28 00:00:00+00:00,8.333189896256512,8.333189896256512,8.312408447265625,8.312408447265625,1139,0.0,0.0
2018-10-01 00:00:00+00:00,8.312408447265625,8.312408447265625,8.312408447265625,8.312408447265625,0,0.0,0.0
2018-10-02 00:00:00+00:00,8.312408447265625,8.312408447265625,8.312408447265625,8.312408447265625,0,0.0,0.0
2018-10-03 00:00:00+00:00,8.312408447265625,8.312408447265625,8.312408447265625,8.312408447265625,0,0.0,0.0
2018-10-04 00:00:00+00:00,8.312408447265625,8.312408447265625,8.312408447265625,8.312408447265625,0,0.0,0.0
2018-10-05 00:00:00+00:00,8.312408447265625,8.312408447265625,8.312408447265625,8.312408447265625,0,0.0,0.0
2018-10-09 00:00:00+00:00,8.312408447265625,8.312408447265625,8.312408447265625,8.312408447265625,0,0.0,0.0
2018-10-10 00:00:00+00:00,8.312408447265625,8.312408447265625,8.312408447265625,8.312408447265625,0,0.0,0.0
2018-10-11 00:00:00+00:00,8.312408447265625,8.312408447265625,8.312408447265625,8.312408447265625,0,0.0,0.0
2018-10-12 00:00:00+00:00,8.312408447265625,8.312408447265625,8.312408447265625,8.312408447265625,0,0.0,0.0
2018-10-15 00:00:00+00:00,8.312408447265625,8.312408447265625,8.312408447265625,8.312408447265625,0,0.0,0.0
2018-10-16 00:00:00+00:00,8.312408447265625,8.312408447265625,8.312408447265625,8.312408447265625,0,0.0,0.0
2018-10-17 00:00:00+00:00,8.312408447265625,8.312408447265625,8.312408447265625,8.312408447265625,0,0.0,0.0
2018-10-18 00:00:00+00:00,8.312408447265625,8.312408447265625,8.312408447265625,8.312408447265625,0,0.0,0.0
2018-10-19 00:00:00+00:00,8.312408447265625,8.312408447265625,8.312408447265625,8.312408447265625,0,0.0,0.0
2018-10-22 00:00:00+00:00,8.312408447265625,8.312408447265625,8.312408447265625,8.312408447265625,0,0.0,0.0
2018-10-23 00:00:00+00:00,8.312408447265625,8.312408447265625,8.312408447265625,8.312408447265625,0,0.0,0.0
2018-10-24 00:00:00+00:00,8.312408447265625,8.312408447265625,8.312408447265625,8.312408447265625,0,0.0,0.0
2018-10-25 00:00:00+00:00,8.312408447265625,8.312408447265625,8.312408447265625,8.312408447265625,0,0.0,0.0
2018-10-26 00:00:00+00:00,8.312408447265625,8.312408447265625,8.312408447265625,8.312408447265625,0,0.0,0.0
2018-10-29 00:00:00+00:00,8.312408447265625,8.312408447265625,8.312408447265625,8.312408447265625,0,0.0,0.0
2018-10-30 00:00:00+00:00,8.312408447265625,8.312408447265625,8.312408447265625,8.312408447265625,0,0.0,0.0
2018-10-31 00:00:00+00:00,8.312408447265625,8.312408447265625,8.312408447265625,8.312408447265625,0,0.0,0.0
2018-11-01 00:00:00+00:00,8.312408447265625,8.312408447265625,8.312408447265625,8.312408447265625,0,0.0,0.0
2018-11-02 00:00:00+00:00,8.312408447265625,8.312408447265625,8.312408447265625,8.312408447265625,0,0.0,0.0
2018-11-05 00:00:00+00:00,8.312408447265625,8.312408447265625,8.312408447265625,8.312408447265625,0,0.0,0.0
2018-11-06 00:00:00+00:00,8.312408447265625,8.312408447265625,8.312408447265625,8.312408447265625,0,0.0,0.0
2018-11-07 00:00:00+00:00,8.312408447265625,8.312408447265625,8.312408447265625,8.312408447265625,0,0.0,0.0
2018-11-08 00:00:00+00:00,8.312408447265625,8.312408447265625,8.312408447265625,8.312408447265625,0,0.0,0.0
2018-11-09 00:00:00+00:00,8.312408447265625,8.312408447265625,8.312408447265625,8.312408447265625,0,0.0,0.0
2018-11-12 00:00:00+00:00,8.312408447265625,8.312408447265625,8.312408447265625,8.312408447265625,0,0.0,0.0
2018-11-13 00:00:00+00:00,8.312408447265625,8.312408447265625,8.312408447265625,8.312408447265625,0,0.0,0.0
2018-11-14 00:00:00+00:00,8.312408447265625,8.312408447265625,8.312408447265625,8.312408447265625,0,0.0,0.0
2018-11-15 00:00:00+00:00,8.312408447265625,8.312408447265625,8.312408447265625,8.312408447265625,0,0.0,0.0
2018-11-16 00:00:00+00:00,8.312408447265625,8.312408447265625,8.312408447265625,8.312408447265625,0,0.0,0.0
2018-11-19 00:00:00+00:00,8.312408447265625,8.312408447265625,8.312408447265625,8.312408447265625,0,0.0,0.0
2018-11-20 00:00:00+00:00,8.312408447265625,8.312408447265625,8.312408447265625,8.312408447265625,0,0.0,0.0
2018-11-21 00:00:00+00:00,8.312408447265625,8.312408447265625,8.312408447265625,8.312408447265625,0,0.0,0.0
2018-11-22 00:00:00+00:00,8.312408447265625,8.312408447265625,8.312408447265625,8.312408447265625,0,0.0,0.0
2018-11-23 00:00:00+00:00,8.312408447265625,8.312408447265625,8.312408447265625,8.312408447265625,0,0.0,0.0
2018-11-26 00:00:00+00:00,8.312408447265625,8.312408447265625,8.312408447265625,8.312408447265625,0,0.0,0.0
2018-11-27 00:00:00+00:00,8.312408447265625,8.312408447265625,8.312408447265625,8.312408447265625,0,0.0,0.0
2018-11-28 00:00:00+00:00,8.104598045349121,8.104598045349121,8.104598045349121,8.104598045349121,569,0.0,0.0
2018-11-29 00:00:00+00:00,8.104598045349121,8.104598045349121,8.104598045349121,8.104598045349121,0,0.0,0.0
2018-11-30 00:00:00+00:00,8.104598045349121,8.104598045349121,8.104598045349121,8.104598045349121,0,0.0,0.0
2018-12-03 00:00:00+00:00,8.104598045349121,8.104598045349121,8.104598045349121,8.104598045349121,0,0.0,0.0
2018-12-04 00:00:00+00:00,8.104598045349121,8.104598045349121,8.104598045349121,8.104598045349121,0,0.0,0.0
2018-12-05 00:00:00+00:00,8.104598045349121,8.104598045349121,8.104598045349121,8.104598045349121,0,0.0,0.0
2018-12-06 00:00:00+00:00,8.104598045349121,8.104598045349121,8.104598045349121,8.104598045349121,0,0.0,0.0
2018-12-07 00:00:00+00:00,7.86561679840088,7.86561679840088,7.86561679840088,7.865616798400879,285,0.0,0.0
2018-12-10 00:00:00+00:00,7.86561679840088,7.86561679840088,7.86561679840088,7.865616798400879,0,0.0,0.0
2018-12-11 00:00:00+00:00,7.86561679840088,7.86561679840088,7.86561679840088,7.865616798400879,0,0.0,0.0
2018-12-12 00:00:00+00:00,7.86561679840088,7.86561679840088,7.86561679840088,7.865616798400879,0,0.0,0.0
2018-12-13 00:00:00+00:00,7.86561679840088,7.86561679840088,7.86561679840088,7.865616798400879,0,0.0,0.0
2018-12-14 00:00:00+00:00,7.86561679840088,7.86561679840088,7.86561679840088,7.865616798400879,0,0.0,0.0
2018-12-17 00:00:00+00:00,7.86561679840088,7.86561679840088,7.86561679840088,7.865616798400879,0,0.0,0.0
2018-12-18 00:00:00+00:00,7.86561679840088,7.86561679840088,7.86561679840088,7.865616798400879,0,0.0,0.0
2018-12-19 00:00:00+00:00,7.86561679840088,7.86561679840088,7.86561679840088,7.865616798400879,0,0.0,0.0
2018-12-20 00:00:00+00:00,7.86561679840088,7.86561679840088,7.86561679840088,7.865616798400879,0,0.0,0.0
2018-12-21 00:00:00+00:00,7.86561679840088,7.86561679840088,7.86561679840088,7.865616798400879,0,0.0,0.0
2018-12-24 00:00:00+00:00,7.86561679840088,7.86561679840088,7.86561679840088,7.865616798400879,0,0.0,0.0
2018-12-27 00:00:00+00:00,7.86561679840088,7.86561679840088,7.86561679840088,7.865616798400879,0,0.0,0.0
2018-12-28 00:00:00+00:00,7.874352455139159,7.874352455139159,7.874352455139159,7.87435245513916,0,0.009,0.949
2018-12-31 00:00:00+00:00,7.4729013442993155,7.4729013442993155,7.4729013442993155,7.472901344299316,0,0.0,0.0
2019-01-02 00:00:00+00:00,7.2030744552612305,7.2030744552612305,7.2030744552612305,7.2030744552612305,600,0.0,0.0
2019-01-03 00:00:00+00:00,7.2030744552612305,7.2030744552612305,7.2030744552612305,7.2030744552612305,0,0.0,0.0
2019-01-04 00:00:00+00:00,7.2030744552612305,7.2030744552612305,7.2030744552612305,7.2030744552612305,0,0.0,0.0
2019-01-07 00:00:00+00:00,7.2030744552612305,7.2030744552612305,7.2030744552612305,7.2030744552612305,0,0.0,0.0
2019-01-08 00:00:00+00:00,7.2030744552612305,7.2030744552612305,7.2030744552612305,7.2030744552612305,0,0.0,0.0
2019-01-09 00:00:00+00:00,7.2030744552612305,7.2030744552612305,7.2030744552612305,7.2030744552612305,0,0.0,0.0
2019-01-10 00:00:00+00:00,7.2030744552612305,7.2030744552612305,7.2030744552612305,7.2030744552612305,0,0.0,0.0
2019-01-11 00:00:00+00:00,7.2030744552612305,7.2030744552612305,7.2030744552612305,7.2030744552612305,0,0.0,0.0
2019-01-14 00:00:00+00:00,7.2030744552612305,7.2030744552612305,7.2030744552612305,7.2030744552612305,0,0.0,0.0
2019-01-15 00:00:00+00:00,7.242561340332032,7.242561340332032,7.242561340332032,7.242561340332031,900,0.0,0.0
2019-01-16 00:00:00+00:00,7.380765914916991,7.380765914916991,7.380765914916991,7.380765914916992,300,0.0,0.0
2019-01-17 00:00:00+00:00,7.380765914916991,7.380765914916991,7.380765914916991,7.380765914916992,0,0.0,0.0
2019-01-18 00:00:00+00:00,7.380765914916991,7.380765914916991,7.380765914916991,7.380765914916992,0,0.0,0.0
2019-01-21 00:00:00+00:00,7.5716190338134775,7.5716190338134775,7.5716190338134775,7.571619033813477,1500,0.0,0.0
2019-01-22 00:00:00+00:00,7.5716190338134775,7.5716190338134775,7.5716190338134775,7.571619033813477,0,0.0,0.0
2019-01-23 00:00:00+00:00,7.5716190338134775,7.5716190338134775,7.5716190338134775,7.571619033813477,0,0.0,0.0
2019-01-24 00:00:00+00:00,7.5716190338134775,7.5716190338134775,7.5716190338134775,7.571619033813477,0,0.0,0.0
2019-01-25 00:00:00+00:00,7.535422325134277,7.535422325134277,7.535422325134277,7.535422325134277,300,0.0,0.0
2019-01-28 00:00:00+00:00,7.518969535827637,7.518969535827637,7.518969535827637,7.518969535827637,600,0.0,0.0
2019-01-29 00:00:00+00:00,7.518969535827637,7.518969535827637,7.518969535827637,7.518969535827637,0,0.0,0.0
2019-01-30 00:00:00+00:00,7.518969535827637,7.518969535827637,7.518969535827637,7.518969535827637,0,0.0,0.0
2019-01-31 00:00:00+00:00,7.518969535827637,7.518969535827637,7.518969535827637,7.518969535827637,0,0.0,0.0
2019-02-01 00:00:00+00:00,7.518969535827637,7.518969535827637,7.518969535827637,7.518969535827637,0,0.0,0.0
2019-02-04 00:00:00+00:00,7.5847806930542,7.5847806930542,7.5847806930542,7.584780693054199,1500,0.0,0.0
2019-02-05 00:00:00+00:00,7.5847806930542,7.5847806930542,7.5847806930542,7.584780693054199,0,0.0,0.0
2019-02-06 00:00:00+00:00,7.5847806930542,7.5847806930542,7.5847806930542,7.584780693054199,0,0.0,0.0
2019-02-07 00:00:00+00:00,7.5847806930542,7.5847806930542,7.5847806930542,7.584780693054199,0,0.0,0.0
2019-02-08 00:00:00+00:00,7.5847806930542,7.5847806930542,7.5847806930542,7.584780693054199,0,0.0,0.0
2019-02-11 00:00:00+00:00,7.746019363403321,7.746019363403321,7.746019363403321,7.74601936340332,300,0.0,0.0
2019-02-12 00:00:00+00:00,7.746019363403321,7.746019363403321,7.746019363403321,7.74601936340332,0,0.0,0.0
2019-02-13 00:00:00+00:00,7.746019363403321,7.746019363403321,7.746019363403321,7.74601936340332,0,0.0,0.0
2019-02-14 00:00:00+00:00,7.746019363403321,7.746019363403321,7.746019363403321,7.74601936340332,0,0.0,0.0
2019-02-15 00:00:00+00:00,7.897386074066162,7.897386074066162,7.897386074066162,7.897386074066162,300,0.0,0.0
2019-02-19 00:00:00+00:00,7.897386074066162,7.897386074066162,7.897386074066162,7.897386074066162,0,0.0,0.0
2019-02-20 00:00:00+00:00,7.897386074066162,7.897386074066162,7.897386074066162,7.897386074066162,0,0.0,0.0
2019-02-21 00:00:00+00:00,7.874352455139159,7.874352455139159,7.874352455139159,7.87435245513916,300,0.0,0.0
2019-02-22 00:00:00+00:00,7.874352455139159,7.874352455139159,7.874352455139159,7.87435245513916,0,0.0,0.0
2019-02-25 00:00:00+00:00,7.874352455139159,7.874352455139159,7.874352455139159,7.87435245513916,0,0.0,0.0
2019-02-26 00:00:00+00:00,7.874352455139159,7.874352455139159,7.874352455139159,7.87435245513916,0,0.0,0.0
2019-02-27 00:00:00+00:00,7.897386074066162,7.897386074066162,7.897386074066162,7.897386074066162,900,0.0,0.0
2019-02-28 00:00:00+00:00,7.897386074066162,7.897386074066162,7.897386074066162,7.897386074066162,0,0.0,0.0
2019-03-01 00:00:00+00:00,7.897386074066162,7.897386074066162,7.897386074066162,7.897386074066162,0,0.0,0.0
2019-03-04 00:00:00+00:00,7.897386074066162,7.897386074066162,7.897386074066162,7.897386074066162,0,0.0,0.0
2019-03-05 00:00:00+00:00,7.897386074066162,7.897386074066162,7.897386074066162,7.897386074066162,0,0.0,0.0
2019-03-06 00:00:00+00:00,7.897386074066162,7.897386074066162,7.897386074066162,7.897386074066162,0,0.0,0.0
2019-03-07 00:00:00+00:00,7.897386074066162,7.897386074066162,7.897386074066162,7.897386074066162,0,0.0,0.0
2019-03-08 00:00:00+00:00,7.897386074066162,7.897386074066162,7.897386074066162,7.897386074066162,0,0.0,0.0
2019-03-11 00:00:00+00:00,7.897386074066162,7.897386074066162,7.897386074066162,7.897386074066162,0,0.0,0.0
2019-03-12 00:00:00+00:00,7.897386074066162,7.897386074066162,7.897386074066162,7.897386074066162,0,0.0,0.0
2019-03-13 00:00:00+00:00,7.897386074066162,7.897386074066162,7.897386074066162,7.897386074066162,0,0.0,0.0
2019-03-14 00:00:00+00:00,7.897386074066162,7.897386074066162,7.897386074066162,7.897386074066162,0,0.0,0.0
2019-03-15 00:00:00+00:00,8.015847206115723,8.015847206115723,8.015847206115723,8.015847206115723,300,0.0,0.0
2019-03-18 00:00:00+00:00,8.015847206115723,8.015847206115723,8.015847206115723,8.015847206115723,0,0.0,0.0
2019-03-19 00:00:00+00:00,8.015847206115723,8.015847206115723,8.015847206115723,8.015847206115723,0,0.0,0.0
2019-03-20 00:00:00+00:00,8.015847206115723,8.015847206115723,8.015847206115723,8.015847206115723,0,0.0,0.0
2019-03-21 00:00:00+00:00,8.015847206115723,8.015847206115723,8.015847206115723,8.015847206115723,0,0.0,0.0
2019-03-22 00:00:00+00:00,8.015847206115723,8.015847206115723,8.015847206115723,8.015847206115723,0,0.0,0.0
2019-03-25 00:00:00+00:00,8.015847206115723,8.015847206115723,8.015847206115723,8.015847206115723,0,0.0,0.0
2019-03-26 00:00:00+00:00,8.015847206115723,8.015847206115723,8.015847206115723,8.015847206115723,0,0.0,0.0
2019-03-27 00:00:00+00:00,8.015847206115723,8.015847206115723,8.015847206115723,8.015847206115723,0,0.0,0.0
2019-03-28 00:00:00+00:00,8.015847206115723,8.015847206115723,8.015847206115723,8.015847206115723,0,0.0,0.0
2019-03-29 00:00:00+00:00,8.015847206115723,8.015847206115723,8.015847206115723,8.015847206115723,0,0.0,0.0
2019-04-01 00:00:00+00:00,8.015847206115723,8.015847206115723,8.015847206115723,8.015847206115723,0,0.0,0.0
2019-04-02 00:00:00+00:00,8.015847206115723,8.015847206115723,8.015847206115723,8.015847206115723,0,0.0,0.0
2019-04-03 00:00:00+00:00,8.015847206115723,8.015847206115723,8.015847206115723,8.015847206115723,0,0.0,0.0
2019-04-04 00:00:00+00:00,8.180375099182129,8.180375099182129,8.180375099182129,8.180375099182129,300,0.0,0.0
2019-04-05 00:00:00+00:00,8.180375099182129,8.180375099182129,8.180375099182129,8.180375099182129,0,0.0,0.0
2019-04-08 00:00:00+00:00,8.318579684542193,8.318579684542193,8.200119018554688,8.200119018554688,2700,0.0,0.0
2019-04-09 00:00:00+00:00,8.183666229248047,8.183666229248047,8.183666229248047,8.183666229248047,300,0.0,0.0
2019-04-10 00:00:00+00:00,8.20669937133789,8.20669937133789,8.20669937133789,8.20669937133789,300,0.0,0.0
2019-04-11 00:00:00+00:00,8.219862612823988,8.22644329071045,8.219862612823988,8.22644329071045,900,0.0,0.0
2019-04-12 00:00:00+00:00,8.22644329071045,8.22644329071045,8.22644329071045,8.22644329071045,0,0.0,0.0
2019-04-15 00:00:00+00:00,8.22644329071045,8.22644329071045,8.22644329071045,8.22644329071045,0,0.0,0.0
2019-04-16 00:00:00+00:00,8.22644329071045,8.22644329071045,8.22644329071045,8.22644329071045,0,0.0,0.0
2019-04-17 00:00:00+00:00,8.22644329071045,8.22644329071045,8.22644329071045,8.22644329071045,0,0.0,0.0
2019-04-18 00:00:00+00:00,8.22644329071045,8.22644329071045,8.22644329071045,8.22644329071045,0,0.0,0.0
2019-04-22 00:00:00+00:00,8.160633087158203,8.160633087158203,8.160633087158203,8.160633087158203,600,0.0,0.0
2019-04-23 00:00:00+00:00,8.223152786792324,8.28896427154541,8.223152786792324,8.28896427154541,600,0.0,0.0
2019-04-24 00:00:00+00:00,8.308709144592285,8.308709144592285,8.308709144592285,8.308709144592285,300,0.0,0.0
2019-04-25 00:00:00+00:00,8.308709144592285,8.308709144592285,8.308709144592285,8.308709144592285,0,0.0,0.0
2019-04-26 00:00:00+00:00,8.308709144592285,8.308709144592285,8.308709144592285,8.308709144592285,0,0.0,0.0
2019-04-29 00:00:00+00:00,8.34161376953125,8.34161376953125,8.34161376953125,8.34161376953125,6000,0.0,0.0
2019-04-30 00:00:00+00:00,8.34161376953125,8.34161376953125,8.34161376953125,8.34161376953125,0,0.0,0.0
2019-05-01 00:00:00+00:00,8.223153114318848,8.223153114318848,8.223153114318848,8.223153114318848,900,0.0,0.0
2019-05-02 00:00:00+00:00,8.223153114318848,8.223153114318848,8.223153114318848,8.223153114318848,0,0.0,0.0
2019-05-03 00:00:00+00:00,8.223153114318848,8.223153114318848,8.223153114318848,8.223153114318848,0,0.0,0.0
2019-05-06 00:00:00+00:00,8.223153114318848,8.223153114318848,8.223153114318848,8.223153114318848,900,0.0,0.0
2019-05-07 00:00:00+00:00,8.147468892229666,8.200119018554688,8.147468892229666,8.200119018554688,600,0.0,0.0
2019-05-08 00:00:00+00:00,8.147468892229666,8.200119018554688,8.147468892229666,8.200119018554688,600,0.0,0.0
2019-05-09 00:00:00+00:00,8.173794105598327,8.173794105598327,8.16721248626709,8.16721248626709,600,0.0,0.0
2019-05-10 00:00:00+00:00,8.173794105598327,8.173794105598327,8.16721248626709,8.16721248626709,300,0.0,0.0
2019-05-13 00:00:00+00:00,8.029008865356445,8.029008865356445,8.029008865356445,8.029008865356445,300,0.0,0.0
2019-05-14 00:00:00+00:00,8.098111152648926,8.098111152648926,8.098111152648926,8.098111152648926,300,0.0,0.0
2019-05-15 00:00:00+00:00,8.098111152648926,8.098111152648926,8.098111152648926,8.098111152648926,0,0.0,0.0
2019-05-16 00:00:00+00:00,8.098111152648926,8.098111152648926,8.098111152648926,8.098111152648926,0,0.0,0.0
2019-05-17 00:00:00+00:00,8.098111152648926,8.098111152648926,8.098111152648926,8.098111152648926,0,0.0,0.0
2019-05-21 00:00:00+00:00,8.098111152648926,8.098111152648926,8.098111152648926,8.098111152648926,0,0.0,0.0
2019-05-22 00:00:00+00:00,8.098111152648926,8.098111152648926,8.098111152648926,8.098111152648926,0,0.0,0.0
2019-05-23 00:00:00+00:00,8.098111152648926,8.098111152648926,8.098111152648926,8.098111152648926,0,0.0,0.0
2019-05-24 00:00:00+00:00,8.098111152648926,8.098111152648926,8.098111152648926,8.098111152648926,0,0.0,0.0
2019-05-27 00:00:00+00:00,8.098111152648926,8.098111152648926,8.098111152648926,8.098111152648926,0,0.0,0.0
2019-05-28 00:00:00+00:00,8.098111152648926,8.098111152648926,8.098111152648926,8.098111152648926,0,0.0,0.0
2019-05-29 00:00:00+00:00,8.098111152648926,8.098111152648926,8.098111152648926,8.098111152648926,0,0.0,0.0
2019-05-30 00:00:00+00:00,8.098111152648926,8.098111152648926,8.098111152648926,8.098111152648926,0,0.0,0.0
2019-05-31 00:00:00+00:00,8.098111152648926,8.098111152648926,8.098111152648926,8.098111152648926,0,0.0,0.0
2019-06-03 00:00:00+00:00,8.098111152648926,8.098111152648926,8.098111152648926,8.098111152648926,0,0.0,0.0
2019-06-04 00:00:00+00:00,8.098111152648926,8.098111152648926,8.098111152648926,8.098111152648926,0,0.0,0.0
2019-06-05 00:00:00+00:00,8.098111152648926,8.098111152648926,8.098111152648926,8.098111152648926,0,0.0,0.0
2019-06-06 00:00:00+00:00,8.098111152648926,8.098111152648926,8.098111152648926,8.098111152648926,0,0.0,0.0
2019-06-07 00:00:00+00:00,8.101401957595579,8.107982635498047,8.101401957595579,8.107982635498047,2100,0.0,0.0
2019-06-10 00:00:00+00:00,8.107982635498047,8.107982635498047,8.107982635498047,8.107982635498047,0,0.0,0.0
2019-06-11 00:00:00+00:00,8.107982635498047,8.107982635498047,8.107982635498047,8.107982635498047,0,0.0,0.0
2019-06-12 00:00:00+00:00,8.107982635498047,8.107982635498047,8.107982635498047,8.107982635498047,0,0.0,0.0
2019-06-13 00:00:00+00:00,8.160632125582149,8.180375099182129,8.160632125582149,8.180375099182129,1500,0.0,0.0
2019-06-14 00:00:00+00:00,8.180375099182129,8.180375099182129,8.180375099182129,8.180375099182129,0,0.0,0.0
2019-06-17 00:00:00+00:00,8.180375099182129,8.180375099182129,8.180375099182129,8.180375099182129,0,0.0,0.0
2019-06-18 00:00:00+00:00,8.180375099182129,8.180375099182129,8.180375099182129,8.180375099182129,0,0.0,0.0
2019-06-19 00:00:00+00:00,8.180375099182129,8.180375099182129,8.180375099182129,8.180375099182129,0,0.0,0.0
2019-06-20 00:00:00+00:00,8.180375099182129,8.180375099182129,8.180375099182129,8.180375099182129,0,0.0,0.0
2019-06-21 00:00:00+00:00,8.216571807861328,8.216571807861328,8.216571807861328,8.216571807861328,300,0.0,0.0
2019-06-24 00:00:00+00:00,8.216571807861328,8.216571807861328,8.216571807861328,8.216571807861328,0,0.0,0.0
2019-06-25 00:00:00+00:00,8.216571807861328,8.216571807861328,8.216571807861328,8.216571807861328,0,0.0,0.0
2019-06-26 00:00:00+00:00,8.216571807861328,8.216571807861328,8.216571807861328,8.216571807861328,0,0.0,0.0
2019-06-27 00:00:00+00:00,8.216571807861328,8.216571807861328,8.216571807861328,8.216571807861328,0,0.0,0.0
2019-06-28 00:00:00+00:00,8.216571807861328,8.216571807861328,8.216571807861328,8.216571807861328,300,0.0,0.0
2019-07-02 00:00:00+00:00,8.216571807861328,8.216571807861328,8.216571807861328,8.216571807861328,300,0.0,0.0
2019-07-03 00:00:00+00:00,8.216571807861328,8.216571807861328,8.216571807861328,8.216571807861328,0,0.0,0.0
2019-07-04 00:00:00+00:00,8.216571807861328,8.216571807861328,8.216571807861328,8.216571807861328,300,0.0,0.0
2019-07-05 00:00:00+00:00,8.216571807861328,8.216571807861328,8.216571807861328,8.216571807861328,300,0.0,0.0
2019-07-08 00:00:00+00:00,8.216571807861328,8.216571807861328,8.216571807861328,8.216571807861328,0,0.0,0.0
2019-07-09 00:00:00+00:00,8.229734420776367,8.229734420776367,8.229734420776367,8.229734420776367,900,0.0,0.0
2019-07-10 00:00:00+00:00,8.229734420776367,8.229734420776367,8.229734420776367,8.229734420776367,900,0.0,0.0
2019-07-11 00:00:00+00:00,8.233024597167969,8.233024597167969,8.233024597167969,8.233024597167969,600,0.0,0.0
2019-07-12 00:00:00+00:00,8.233024597167969,8.233024597167969,8.233024597167969,8.233024597167969,600,0.0,0.0
2019-07-15 00:00:00+00:00,8.233024597167969,8.233024597167969,8.233024597167969,8.233024597167969,600,0.0,0.0
2019-07-16 00:00:00+00:00,8.233024597167969,8.233024597167969,8.233024597167969,8.233024597167969,600,0.0,0.0
2019-07-17 00:00:00+00:00,8.256058692932129,8.256058692932129,8.256058692932129,8.256058692932129,300,0.0,0.0
2019-07-18 00:00:00+00:00,8.256058692932129,8.256058692932129,8.256058692932129,8.256058692932129,300,0.0,0.0
2019-07-19 00:00:00+00:00,8.256058692932129,8.256058692932129,8.256058692932129,8.256058692932129,300,0.0,0.0
2019-07-22 00:00:00+00:00,8.256058692932129,8.256058692932129,8.256058692932129,8.256058692932129,300,0.0,0.0
2019-07-23 00:00:00+00:00,8.256058692932129,8.256058692932129,8.256058692932129,8.256058692932129,300,0.0,0.0
2019-07-24 00:00:00+00:00,8.335031509399414,8.335031509399414,8.335031509399414,8.335031509399414,300,0.0,0.0
2019-07-25 00:00:00+00:00,8.335031509399414,8.335031509399414,8.335031509399414,8.335031509399414,300,0.0,0.0
2019-07-26 00:00:00+00:00,8.335031509399414,8.335031509399414,8.335031509399414,8.335031509399414,300,0.0,0.0
2019-07-29 00:00:00+00:00,8.44033145904541,8.44033145904541,8.44033145904541,8.44033145904541,300,0.0,0.0
2019-07-30 00:00:00+00:00,8.44033145904541,8.44033145904541,8.44033145904541,8.44033145904541,300,0.0,0.0
2019-07-31 00:00:00+00:00,8.44033145904541,8.44033145904541,8.44033145904541,8.44033145904541,300,0.0,0.0
2019-08-01 00:00:00+00:00,8.44033145904541,8.44033145904541,8.44033145904541,8.44033145904541,300,0.0,0.0
2019-08-02 00:00:00+00:00,8.44033145904541,8.44033145904541,8.44033145904541,8.44033145904541,300,0.0,0.0
2019-08-06 00:00:00+00:00,8.101402282714844,8.101402282714844,8.101402282714844,8.101402282714844,300,0.0,0.0
2019-08-07 00:00:00+00:00,8.101402282714844,8.101402282714844,8.101402282714844,8.101402282714844,300,0.0,0.0
2019-08-08 00:00:00+00:00,8.101402282714844,8.101402282714844,8.101402282714844,8.101402282714844,0,0.0,0.0
2019-08-09 00:00:00+00:00,8.101402282714844,8.101402282714844,8.101402282714844,8.101402282714844,300,0.0,0.0
2019-08-12 00:00:00+00:00,8.101402282714844,8.101402282714844,8.101402282714844,8.101402282714844,0,0.0,0.0
2019-08-13 00:00:00+00:00,8.101402282714844,8.101402282714844,8.101402282714844,8.101402282714844,300,0.0,0.0
2019-08-14 00:00:00+00:00,8.101402282714844,8.101402282714844,8.101402282714844,8.101402282714844,300,0.0,0.0
2019-08-15 00:00:00+00:00,8.101402282714844,8.101402282714844,8.101402282714844,8.101402282714844,300,0.0,0.0
2019-08-16 00:00:00+00:00,8.101402282714844,8.101402282714844,8.101402282714844,8.101402282714844,0,0.0,0.0
2019-08-19 00:00:00+00:00,8.101402282714844,8.101402282714844,8.101402282714844,8.101402282714844,0,0.0,0.0
2019-08-20 00:00:00+00:00,8.101402282714844,8.101402282714844,8.101402282714844,8.101402282714844,0,0.0,0.0
2019-08-21 00:00:00+00:00,8.101402282714844,8.101402282714844,8.101402282714844,8.101402282714844,0,0.0,0.0
2019-08-22 00:00:00+00:00,8.101402282714844,8.101402282714844,8.101402282714844,8.101402282714844,0,0.0,0.0
2019-08-23 00:00:00+00:00,8.149115160763998,8.149115160763998,8.147469520568848,8.147469520568848,1200,0.0,0.0
2019-08-26 00:00:00+00:00,8.147469520568848,8.147469520568848,8.147469520568848,8.147469520568848,0,0.0,0.0
2019-08-27 00:00:00+00:00,8.147469520568848,8.147469520568848,8.147469520568848,8.147469520568848,0,0.0,0.0
2019-08-28 00:00:00+00:00,8.094820022583008,8.094820022583008,8.078367387026672,8.094820022583008,4200,0.0,0.0
2019-08-29 00:00:00+00:00,8.094820022583008,8.094820022583008,8.094820022583008,8.094820022583008,0,0.0,0.0
2019-08-30 00:00:00+00:00,8.094820022583008,8.094820022583008,8.094820022583008,8.094820022583008,0,0.0,0.0
2019-09-03 00:00:00+00:00,8.094820022583008,8.094820022583008,8.094820022583008,8.094820022583008,0,0.0,0.0
2019-09-04 00:00:00+00:00,8.094820022583008,8.094820022583008,8.094820022583008,8.094820022583008,0,0.0,0.0
2019-09-05 00:00:00+00:00,8.262639999389648,8.262639999389648,8.262639999389648,8.262639999389648,900,0.0,0.0
2019-09-06 00:00:00+00:00,8.262639999389648,8.262639999389648,8.262639999389648,8.262639999389648,0,0.0,0.0
2019-09-09 00:00:00+00:00,8.262639999389648,8.262639999389648,8.262639999389648,8.262639999389648,0,0.0,0.0
2019-09-10 00:00:00+00:00,8.262639999389648,8.262639999389648,8.262639999389648,8.262639999389648,0,0.0,0.0
2019-09-11 00:00:00+00:00,8.262639999389648,8.262639999389648,8.262639999389648,8.262639999389648,0,0.0,0.0
2019-09-12 00:00:00+00:00,8.262639999389648,8.262639999389648,8.262639999389648,8.262639999389648,0,0.0,0.0
2019-09-13 00:00:00+00:00,8.262639999389648,8.262639999389648,8.262639999389648,8.262639999389648,0,0.0,0.0
2019-09-16 00:00:00+00:00,8.262639999389648,8.262639999389648,8.262639999389648,8.262639999389648,0,0.0,0.0
2019-09-17 00:00:00+00:00,8.262639999389648,8.262639999389648,8.262639999389648,8.262639999389648,0,0.0,0.0
2019-09-18 00:00:00+00:00,8.262639999389648,8.262639999389648,8.262639999389648,8.262639999389648,0,0.0,0.0
2019-09-19 00:00:00+00:00,8.262639999389648,8.262639999389648,8.262639999389648,8.262639999389648,0,0.0,0.0
2019-09-20 00:00:00+00:00,8.262639999389648,8.262639999389648,8.262639999389648,8.262639999389648,0,0.0,0.0
2019-09-23 00:00:00+00:00,8.262639999389648,8.262639999389648,8.262639999389648,8.262639999389648,0,0.0,0.0
2019-09-24 00:00:00+00:00,8.262639999389648,8.262639999389648,8.262639999389648,8.262639999389648,0,0.0,0.0
2019-09-25 00:00:00+00:00,8.262639999389648,8.262639999389648,8.262639999389648,8.262639999389648,0,0.0,0.0
2019-09-26 00:00:00+00:00,8.262639999389648,8.262639999389648,8.262639999389648,8.262639999389648,0,0.0,0.0
2019-09-27 00:00:00+00:00,8.262639999389648,8.262639999389648,8.262639999389648,8.262639999389648,0,0.0,0.0
2019-09-30 00:00:00+00:00,8.262639999389648,8.262639999389648,8.262639999389648,8.262639999389648,0,0.0,0.0
2019-10-01 00:00:00+00:00,8.262639999389648,8.262639999389648,8.262639999389648,8.262639999389648,0,0.0,0.0
2019-10-02 00:00:00+00:00,8.262639999389648,8.262639999389648,8.262639999389648,8.262639999389648,300,0.0,0.0
2019-10-03 00:00:00+00:00,8.262639999389648,8.262639999389648,8.262639999389648,8.262639999389648,0,0.0,0.0
2019-10-04 00:00:00+00:00,8.262639999389648,8.262639999389648,8.262639999389648,8.262639999389648,0,0.0,0.0
2019-10-07 00:00:00+00:00,8.262639999389648,8.262639999389648,8.262639999389648,8.262639999389648,0,0.0,0.0
2019-10-08 00:00:00+00:00,8.262639999389648,8.262639999389648,8.262639999389648,8.262639999389648,0,0.0,0.0
2019-10-09 00:00:00+00:00,8.262639999389648,8.262639999389648,8.262639999389648,8.262639999389648,0,0.0,0.0
2019-10-10 00:00:00+00:00,8.262639999389648,8.262639999389648,8.262639999389648,8.262639999389648,0,0.0,0.0
2019-10-11 00:00:00+00:00,8.262639999389648,8.262639999389648,8.262639999389648,8.262639999389648,0,0.0,0.0
2019-10-15 00:00:00+00:00,8.262639999389648,8.262639999389648,8.262639999389648,8.262639999389648,0,0.0,0.0
2019-10-16 00:00:00+00:00,8.262639999389648,8.262639999389648,8.262639999389648,8.262639999389648,0,0.0,0.0
2019-10-17 00:00:00+00:00,8.262639999389648,8.262639999389648,8.262639999389648,8.262639999389648,0,0.0,0.0
2019-10-18 00:00:00+00:00,8.262639999389648,8.262639999389648,8.262639999389648,8.262639999389648,0,0.0,0.0
2019-10-21 00:00:00+00:00,8.262639999389648,8.262639999389648,8.262639999389648,8.262639999389648,0,0.0,0.0
2019-10-22 00:00:00+00:00,8.262639999389648,8.262639999389648,8.262639999389648,8.262639999389648,0,0.0,0.0
2019-10-23 00:00:00+00:00,8.262639999389648,8.262639999389648,8.262639999389648,8.262639999389648,0,0.0,0.0
2019-10-24 00:00:00+00:00,8.262639999389648,8.262639999389648,8.262639999389648,8.262639999389648,0,0.0,0.0
2019-10-25 00:00:00+00:00,8.107982635498047,8.107982635498047,8.107982635498047,8.107982635498047,900,0.0,0.0
2019-10-28 00:00:00+00:00,8.107982635498047,8.107982635498047,8.107982635498047,8.107982635498047,0,0.0,0.0
2019-10-29 00:00:00+00:00,8.107982635498047,8.107982635498047,8.107982635498047,8.107982635498047,300,0.0,0.0
2019-10-30 00:00:00+00:00,8.107982635498047,8.107982635498047,8.107982635498047,8.107982635498047,0,0.0,0.0
2019-10-31 00:00:00+00:00,8.107982635498047,8.107982635498047,8.107982635498047,8.107982635498047,0,0.0,0.0
2019-11-01 00:00:00+00:00,8.107982635498047,8.107982635498047,8.107982635498047,8.107982635498047,0,0.0,0.0
2019-11-04 00:00:00+00:00,8.107982635498047,8.107982635498047,8.107982635498047,8.107982635498047,0,0.0,0.0
2019-11-05 00:00:00+00:00,8.107982635498047,8.107982635498047,8.107982635498047,8.107982635498047,0,0.0,0.0
2019-11-06 00:00:00+00:00,8.107982635498047,8.107982635498047,8.107982635498047,8.107982635498047,0,0.0,0.0
2019-11-07 00:00:00+00:00,8.107982635498047,8.107982635498047,8.107982635498047,8.107982635498047,0,0.0,0.0
2019-11-08 00:00:00+00:00,8.107982635498047,8.107982635498047,8.107982635498047,8.107982635498047,300,0.0,0.0
2019-11-11 00:00:00+00:00,8.107982635498047,8.107982635498047,8.107982635498047,8.107982635498047,0,0.0,0.0
2019-11-12 00:00:00+00:00,8.107982635498047,8.107982635498047,8.107982635498047,8.107982635498047,0,0.0,0.0
2019-11-13 00:00:00+00:00,8.107982635498047,8.107982635498047,8.107982635498047,8.107982635498047,300,0.0,0.0
2019-11-14 00:00:00+00:00,8.107982635498047,8.107982635498047,8.107982635498047,8.107982635498047,0,0.0,0.0
2019-11-15 00:00:00+00:00,8.107982635498047,8.107982635498047,8.107982635498047,8.107982635498047,0,0.0,0.0
2019-11-18 00:00:00+00:00,8.107982635498047,8.107982635498047,8.107982635498047,8.107982635498047,0,0.0,0.0
2019-11-19 00:00:00+00:00,8.107982635498047,8.107982635498047,8.107982635498047,8.107982635498047,0,0.0,0.0
2019-11-20 00:00:00+00:00,8.107982635498047,8.107982635498047,8.107982635498047,8.107982635498047,0,0.0,0.0
2019-11-21 00:00:00+00:00,8.107982635498047,8.107982635498047,8.107982635498047,8.107982635498047,0,0.0,0.0
2019-11-22 00:00:00+00:00,8.107982635498047,8.107982635498047,8.107982635498047,8.107982635498047,0,0.0,0.0
2019-11-25 00:00:00+00:00,8.107982635498047,8.107982635498047,8.107982635498047,8.107982635498047,0,0.0,0.0
2019-11-26 00:00:00+00:00,8.107982635498047,8.107982635498047,8.107982635498047,8.107982635498047,0,0.0,0.0
2019-11-27 00:00:00+00:00,8.107982635498047,8.107982635498047,8.107982635498047,8.107982635498047,300,0.0,0.0
2019-11-28 00:00:00+00:00,8.107982635498047,8.107982635498047,8.107982635498047,8.107982635498047,0,0.0,0.0
2019-11-29 00:00:00+00:00,8.107982635498047,8.107982635498047,8.107982635498047,8.107982635498047,0,0.0,0.0
2019-12-02 00:00:00+00:00,8.107982635498047,8.107982635498047,8.107982635498047,8.107982635498047,0,0.0,0.0
2019-12-03 00:00:00+00:00,8.107982635498047,8.107982635498047,8.107982635498047,8.107982635498047,0,0.0,0.0
2019-12-04 00:00:00+00:00,8.107982635498047,8.107982635498047,8.107982635498047,8.107982635498047,0,0.0,0.0
2019-12-05 00:00:00+00:00,8.443622589111328,8.443622589111328,8.443622589111328,8.443622589111328,3000,0.0,0.0
2019-12-06 00:00:00+00:00,8.443622589111328,8.443622589111328,8.443622589111328,8.443622589111328,0,0.0,0.0
2019-12-09 00:00:00+00:00,8.443622589111328,8.443622589111328,8.443622589111328,8.443622589111328,0,0.0,0.0
2019-12-10 00:00:00+00:00,8.443622589111328,8.443622589111328,8.443622589111328,8.443622589111328,0,0.0,0.0
2019-12-11 00:00:00+00:00,8.443622589111328,8.443622589111328,8.443622589111328,8.443622589111328,0,0.0,0.0
2019-12-12 00:00:00+00:00,8.443622589111328,8.443622589111328,8.443622589111328,8.443622589111328,0,0.0,0.0
2019-12-13 00:00:00+00:00,8.443622589111328,8.443622589111328,8.443622589111328,8.443622589111328,0,0.0,0.0
2019-12-16 00:00:00+00:00,8.506143569946289,8.506143569946289,8.506143569946289,8.506143569946289,300,0.0,0.0
2019-12-17 00:00:00+00:00,8.506143569946289,8.506143569946289,8.506143569946289,8.506143569946289,0,0.0,0.0
2019-12-18 00:00:00+00:00,8.506471633911131,8.506471633911131,8.506471633911131,8.506471633911133,0,0.0,3.0
2019-12-19 00:00:00+00:00,8.558792114257812,8.558792114257812,8.558792114257812,8.558792114257812,100,0.0,0.0
2019-12-20 00:00:00+00:00,8.558792114257812,8.558792114257812,8.558792114257812,8.558792114257812,0,0.0,0.0
2019-12-23 00:00:00+00:00,8.578535079956055,8.578535079956055,8.578535079956055,8.578535079956055,200,0.0,0.0
2019-12-24 00:00:00+00:00,8.578535079956055,8.578535079956055,8.578535079956055,8.578535079956055,0,0.0,0.0
2019-12-27 00:00:00+00:00,8.578535079956055,8.578535079956055,8.578535079956055,8.578535079956055,0,0.0,0.0
2019-12-30 00:00:00+00:00,8.617208480834961,8.617208480834961,8.617208480834961,8.617208480834961,0,0.039,0.0
2019-12-31 00:00:00+00:00,8.617208480834961,8.617208480834961,8.617208480834961,8.617208480834961,0,0.0,0.0
2020-01-02 00:00:00+00:00,8.617208480834961,8.617208480834961,8.617208480834961,8.617208480834961,0,0.0,0.0
2020-01-03 00:00:00+00:00,8.617208480834961,8.617208480834961,8.617208480834961,8.617208480834961,0,0.0,0.0
2020-01-06 00:00:00+00:00,8.617208480834961,8.617208480834961,8.617208480834961,8.617208480834961,0,0.0,0.0
2020-01-07 00:00:00+00:00,8.577543258666992,8.577543258666992,8.577543258666992,8.577543258666992,100,0.0,0.0
2020-01-08 00:00:00+00:00,8.577543258666992,8.577543258666992,8.577543258666992,8.577543258666992,0,0.0,0.0
2020-01-09 00:00:00+00:00,8.577543258666992,8.577543258666992,8.577543258666992,8.577543258666992,0,0.0,0.0
2020-01-10 00:00:00+00:00,8.577543258666992,8.577543258666992,8.577543258666992,8.577543258666992,0,0.0,0.0
2020-01-13 00:00:00+00:00,8.577543258666992,8.577543258666992,8.577543258666992,8.577543258666992,0,0.0,0.0
2020-01-14 00:00:00+00:00,8.577543258666992,8.577543258666992,8.577543258666992,8.577543258666992,0,0.0,0.0
2020-01-15 00:00:00+00:00,8.577543258666992,8.577543258666992,8.577543258666992,8.577543258666992,0,0.0,0.0
2020-01-16 00:00:00+00:00,8.577543258666992,8.577543258666992,8.577543258666992,8.577543258666992,0,0.0,0.0
2020-01-17 00:00:00+00:00,8.577543258666992,8.577543258666992,8.577543258666992,8.577543258666992,0,0.0,0.0
2020-01-20 00:00:00+00:00,8.577543258666992,8.577543258666992,8.577543258666992,8.577543258666992,0,0.0,0.0
2020-01-21 00:00:00+00:00,8.577543258666992,8.577543258666992,8.577543258666992,8.577543258666992,0,0.0,0.0
2020-01-22 00:00:00+00:00,8.577543258666992,8.577543258666992,8.577543258666992,8.577543258666992,0,0.0,0.0
2020-01-23 00:00:00+00:00,8.577543258666992,8.577543258666992,8.577543258666992,8.577543258666992,0,0.0,0.0
2020-01-24 00:00:00+00:00,8.577543258666992,8.577543258666992,8.577543258666992,8.577543258666992,0,0.0,0.0
2020-01-27 00:00:00+00:00,8.607293128967285,8.607293128967285,8.607293128967285,8.607293128967285,100,0.0,0.0
2020-01-28 00:00:00+00:00,8.607293128967285,8.607293128967285,8.607293128967285,8.607293128967285,0,0.0,0.0
2020-01-29 00:00:00+00:00,8.607293128967285,8.607293128967285,8.607293128967285,8.607293128967285,0,0.0,0.0
2020-01-30 00:00:00+00:00,8.617208480834961,8.617208480834961,8.617208480834961,8.617208480834961,400,0.0,0.0
2020-01-31 00:00:00+00:00,8.617208480834961,8.617208480834961,8.617208480834961,8.617208480834961,0,0.0,0.0
2020-02-03 00:00:00+00:00,8.617208480834961,8.617208480834961,8.617208480834961,8.617208480834961,0,0.0,0.0
2020-02-04 00:00:00+00:00,8.775869369506836,8.775869369506836,8.775869369506836,8.775869369506836,2100,0.0,0.0
2020-02-05 00:00:00+00:00,8.775869369506836,8.775869369506836,8.775869369506836,8.775869369506836,0,0.0,0.0
2020-02-06 00:00:00+00:00,8.775869369506836,8.775869369506836,8.775869369506836,8.775869369506836,0,0.0,0.0
2020-02-07 00:00:00+00:00,8.775869369506836,8.775869369506836,8.775869369506836,8.775869369506836,0,0.0,0.0
2020-02-10 00:00:00+00:00,8.775869369506836,8.775869369506836,8.775869369506836,8.775869369506836,0,0.0,0.0
2020-02-11 00:00:00+00:00,8.82544994354248,8.82544994354248,8.82544994354248,8.82544994354248,800,0.0,0.0
2020-02-12 00:00:00+00:00,8.82544994354248,8.82544994354248,8.82544994354248,8.82544994354248,0,0.0,0.0
2020-02-13 00:00:00+00:00,8.82544994354248,8.82544994354248,8.82544994354248,8.82544994354248,0,0.0,0.0
2020-02-14 00:00:00+00:00,8.82544994354248,8.82544994354248,8.82544994354248,8.82544994354248,0,0.0,0.0
2020-02-18 00:00:00+00:00,8.82544994354248,8.82544994354248,8.82544994354248,8.82544994354248,0,0.0,0.0
2020-02-19 00:00:00+00:00,8.924612045288088,8.924612045288088,8.924612045288088,8.924612045288086,100,0.0,0.0
2020-02-20 00:00:00+00:00,8.924612045288088,8.924612045288088,8.924612045288088,8.924612045288086,0,0.0,0.0
2020-02-21 00:00:00+00:00,9.063440003869985,9.063440003869985,8.904779434204102,8.904779434204102,400,0.0,0.0
2020-02-24 00:00:00+00:00,8.875030517578125,8.875030517578125,8.875030517578125,8.875030517578125,100,0.0,0.0
2020-02-25 00:00:00+00:00,8.875030517578125,8.875030517578125,8.875030517578125,8.875030517578125,0,0.0,0.0
2020-02-26 00:00:00+00:00,8.527963638305664,8.527963638305664,8.527963638305664,8.527963638305664,1000,0.0,0.0
2020-02-27 00:00:00+00:00,8.527963638305664,8.527963638305664,8.527963638305664,8.527963638305664,0,0.0,0.0
2020-02-28 00:00:00+00:00,7.9924863131751,8.111481026944501,7.9924863131751,8.09164810180664,4300,0.0,0.0
2020-03-02 00:00:00+00:00,8.21064281463623,8.21064281463623,8.21064281463623,8.21064281463623,300,0.0,0.0
2020-03-03 00:00:00+00:00,8.21064281463623,8.21064281463623,8.21064281463623,8.21064281463623,0,0.0,0.0
2020-03-04 00:00:00+00:00,8.21064281463623,8.21064281463623,8.21064281463623,8.21064281463623,0,0.0,0.0
2020-03-05 00:00:00+00:00,8.21064281463623,8.21064281463623,8.21064281463623,8.21064281463623,0,0.0,0.0
2020-03-06 00:00:00+00:00,8.21064281463623,8.21064281463623,8.21064281463623,8.21064281463623,0,0.0,0.0
2020-03-09 00:00:00+00:00,7.556171417236328,7.556171417236328,7.556171417236328,7.556171417236328,400,0.0,0.0
2020-03-10 00:00:00+00:00,7.556171417236328,7.556171417236328,7.556171417236328,7.556171417236328,0,0.0,0.0
2020-03-11 00:00:00+00:00,7.556171417236328,7.556171417236328,7.556171417236328,7.556171417236328,0,0.0,0.0
2020-03-12 00:00:00+00:00,7.556171417236328,7.556171417236328,7.556171417236328,7.556171417236328,0,0.0,0.0
2020-03-13 00:00:00+00:00,7.556171417236328,7.556171417236328,7.556171417236328,7.556171417236328,0,0.0,0.0
2020-03-16 00:00:00+00:00,7.556171417236328,7.556171417236328,7.556171417236328,7.556171417236328,0,0.0,0.0
2020-03-17 00:00:00+00:00,7.556171417236328,7.556171417236328,7.556171417236328,7.556171417236328,0,0.0,0.0
2020-03-18 00:00:00+00:00,6.475302219390869,6.475302219390869,6.475302219390869,6.475302219390869,500,0.0,0.0
2020-03-19 00:00:00+00:00,6.475302219390869,6.475302219390869,6.475302219390869,6.475302219390869,0,0.0,0.0
2020-03-20 00:00:00+00:00,6.475302219390869,6.475302219390869,6.475302219390869,6.475302219390869,0,0.0,0.0
2020-03-23 00:00:00+00:00,6.475302219390869,6.475302219390869,6.475302219390869,6.475302219390869,0,0.0,0.0
2020-03-24 00:00:00+00:00,6.911616325378418,6.911616325378418,6.911616325378418,6.911616325378418,100,0.0,0.0
2020-03-25 00:00:00+00:00,6.832286357879639,6.832286357879639,6.832286357879639,6.832286357879639,300,0.0,0.0
2020-03-26 00:00:00+00:00,7.377679347991943,7.377679347991943,7.377679347991943,7.377679347991943,300,0.0,0.0
2020-03-27 00:00:00+00:00,6.891783714294434,6.891783714294434,6.891783714294434,6.891783714294434,200,0.0,0.0
2020-03-30 00:00:00+00:00,6.891783714294434,6.891783714294434,6.891783714294434,6.891783714294434,0,0.0,0.0
2020-03-31 00:00:00+00:00,6.891783714294434,6.891783714294434,6.891783714294434,6.891783714294434,0,0.0,0.0
2020-04-01 00:00:00+00:00,6.891783714294434,6.891783714294434,6.891783714294434,6.891783714294434,0,0.0,0.0
2020-04-02 00:00:00+00:00,6.891783714294434,6.891783714294434,6.891783714294434,6.891783714294434,0,0.0,0.0
2020-04-03 00:00:00+00:00,6.891783714294434,6.891783714294434,6.891783714294434,6.891783714294434,0,0.0,0.0
2020-04-06 00:00:00+00:00,7.338014602661134,7.338014602661134,7.338014602661134,7.338014602661133,1200,0.0,0.0
2020-04-07 00:00:00+00:00,7.338014602661134,7.338014602661134,7.338014602661134,7.338014602661133,0,0.0,0.0
2020-04-08 00:00:00+00:00,7.338014602661134,7.338014602661134,7.338014602661134,7.338014602661133,0,0.0,0.0
2020-04-09 00:00:00+00:00,7.338014602661134,7.338014602661134,7.338014602661134,7.338014602661133,0,0.0,0.0
2020-04-13 00:00:00+00:00,7.338014602661134,7.338014602661134,7.338014602661134,7.338014602661133,0,0.0,0.0
2020-04-14 00:00:00+00:00,7.338014602661134,7.338014602661134,7.338014602661134,7.338014602661133,0,0.0,0.0
2020-04-15 00:00:00+00:00,7.338014602661134,7.338014602661134,7.338014602661134,7.338014602661133,0,0.0,0.0
2020-04-16 00:00:00+00:00,7.724747500745326,7.734663963317871,7.724747500745326,7.734663963317871,1000,0.0,0.0
2020-04-17 00:00:00+00:00,7.883407115936278,7.883407115936278,7.883407115936278,7.883407115936279,100,0.0,0.0
2020-04-20 00:00:00+00:00,7.903239569991559,7.913156032562256,7.903239569991559,7.913156032562256,600,0.0,0.0
2020-04-21 00:00:00+00:00,7.913156032562256,7.913156032562256,7.913156032562256,7.913156032562256,0,0.0,0.0
2020-04-22 00:00:00+00:00,7.913156032562256,7.913156032562256,7.913156032562256,7.913156032562256,0,0.0,0.0
2020-04-23 00:00:00+00:00,7.913156032562256,7.913156032562256,7.913156032562256,7.913156032562256,0,0.0,0.0
2020-04-24 00:00:00+00:00,7.913156032562256,7.913156032562256,7.913156032562256,7.913156032562256,0,0.0,0.0
2020-04-27 00:00:00+00:00,7.7544965744018555,7.7544965744018555,7.7544965744018555,7.7544965744018555,500,0.0,0.0
2020-04-28 00:00:00+00:00,7.7544965744018555,7.7544965744018555,7.7544965744018555,7.7544965744018555,0,0.0,0.0
2020-04-29 00:00:00+00:00,8.131313009912159,8.151145935058594,8.131313009912159,8.151145935058594,900,0.0,0.0
2020-04-30 00:00:00+00:00,8.151145935058594,8.151145935058594,8.151145935058594,8.151145935058594,0,0.0,0.0
2020-05-01 00:00:00+00:00,8.151145935058594,8.151145935058594,8.151145935058594,8.151145935058594,0,0.0,0.0
2020-05-04 00:00:00+00:00,7.794161319732667,7.794161319732667,7.794161319732667,7.794161319732666,3800,0.0,0.0
2020-05-05 00:00:00+00:00,7.942904949188232,7.942904949188232,7.942904949188232,7.942904949188232,300,0.0,0.0
2020-05-06 00:00:00+00:00,7.942904949188232,7.942904949188232,7.942904949188232,7.942904949188232,0,0.0,0.0
2020-05-07 00:00:00+00:00,7.942904949188232,7.942904949188232,7.942904949188232,7.942904949188232,0,0.0,0.0
2020-05-08 00:00:00+00:00,7.942904949188232,7.942904949188232,7.942904949188232,7.942904949188232,0,0.0,0.0
2020-05-11 00:00:00+00:00,7.942904949188232,7.942904949188232,7.942904949188232,7.942904949188232,0,0.0,0.0
2020-05-12 00:00:00+00:00,8.01231861114502,8.01231861114502,8.01231861114502,8.01231861114502,600,0.0,0.0
2020-05-13 00:00:00+00:00,8.01231861114502,8.01231861114502,8.01231861114502,8.01231861114502,0,0.0,0.0
2020-05-14 00:00:00+00:00,8.01231861114502,8.01231861114502,8.01231861114502,8.01231861114502,0,0.0,0.0
2020-05-15 00:00:00+00:00,8.01231861114502,8.01231861114502,8.01231861114502,8.01231861114502,0,0.0,0.0
2020-05-19 00:00:00+00:00,8.01231861114502,8.01231861114502,8.01231861114502,8.01231861114502,0,0.0,0.0
2020-05-20 00:00:00+00:00,8.13131332397461,8.13131332397461,8.13131332397461,8.13131332397461,200,0.0,0.0
2020-05-21 00:00:00+00:00,8.13131332397461,8.13131332397461,8.13131332397461,8.13131332397461,0,0.0,0.0
2020-05-22 00:00:00+00:00,8.13131332397461,8.13131332397461,8.13131332397461,8.13131332397461,0,0.0,0.0
2020-05-25 00:00:00+00:00,8.13131332397461,8.13131332397461,8.13131332397461,8.13131332397461,0,0.0,0.0
2020-05-26 00:00:00+00:00,8.319722175598145,8.319722175598145,8.319722175598145,8.319722175598145,100,0.0,0.0
2020-05-27 00:00:00+00:00,8.319722175598145,8.319722175598145,8.319722175598145,8.319722175598145,0,0.0,0.0
2020-05-28 00:00:00+00:00,8.319722175598145,8.319722175598145,8.319722175598145,8.319722175598145,0,0.0,0.0
2020-05-29 00:00:00+00:00,8.319722175598145,8.319722175598145,8.319722175598145,8.319722175598145,0,0.0,0.0
2020-06-01 00:00:00+00:00,8.319722175598145,8.319722175598145,8.319722175598145,8.319722175598145,0,0.0,0.0
2020-06-02 00:00:00+00:00,8.369302749633789,8.369302749633789,8.369302749633789,8.369302749633789,1300,0.0,0.0
2020-06-03 00:00:00+00:00,8.369302749633789,8.369302749633789,8.369302749633789,8.369302749633789,0,0.0,0.0
2020-06-04 00:00:00+00:00,8.369302749633789,8.369302749633789,8.369302749633789,8.369302749633789,0,0.0,0.0
2020-06-05 00:00:00+00:00,8.369302749633789,8.369302749633789,8.369302749633789,8.369302749633789,0,0.0,0.0
2020-06-08 00:00:00+00:00,8.716371536254883,8.716371536254883,8.716371536254883,8.716371536254883,200,0.0,0.0
2020-06-09 00:00:00+00:00,8.716371536254883,8.716371536254883,8.716371536254883,8.716371536254883,0,0.0,0.0
2020-06-10 00:00:00+00:00,8.716371536254883,8.716371536254883,8.716371536254883,8.716371536254883,0,0.0,0.0
2020-06-11 00:00:00+00:00,8.716371536254883,8.716371536254883,8.716371536254883,8.716371536254883,0,0.0,0.0
2020-06-12 00:00:00+00:00,8.399052473404078,8.399052473404078,8.190811471726754,8.230476379394531,2500,0.0,0.0
2020-06-15 00:00:00+00:00,8.230476379394531,8.230476379394531,8.230476379394531,8.230476379394531,100,0.0,0.0
2020-06-16 00:00:00+00:00,8.557712082560206,8.577544063501238,8.527963638305664,8.527963638305664,1200,0.0,0.0
2020-06-17 00:00:00+00:00,8.527963638305664,8.527963638305664,8.527963638305664,8.527963638305664,0,0.0,0.0
2020-06-18 00:00:00+00:00,8.527963638305664,8.527963638305664,8.527963638305664,8.527963638305664,0,0.0,0.0
2020-06-19 00:00:00+00:00,8.527963638305664,8.527963638305664,8.527963638305664,8.527963638305664,0,0.0,0.0
2020-06-22 00:00:00+00:00,8.289973258972168,8.289973258972168,8.289973258972168,8.289973258972168,300,0.0,0.0
2020-06-23 00:00:00+00:00,8.289973258972168,8.289973258972168,8.289973258972168,8.289973258972168,0,0.0,0.0
2020-06-24 00:00:00+00:00,8.25030756627828,8.280056953430176,8.25030756627828,8.280056953430176,500,0.0,0.0
2020-06-25 00:00:00+00:00,8.280056953430176,8.280056953430176,8.280056953430176,8.280056953430176,0,0.0,0.0
2020-06-26 00:00:00+00:00,8.280056953430176,8.280056953430176,8.280056953430176,8.280056953430176,0,0.0,0.0
2020-06-29 00:00:00+00:00,8.29988956451416,8.29988956451416,8.29988956451416,8.29988956451416,600,0.0,0.0
2020-06-30 00:00:00+00:00,8.428800582885742,8.428800582885742,8.428800582885742,8.428800582885742,300,0.0,0.0
2020-07-02 00:00:00+00:00,8.428800582885742,8.428800582885742,8.428800582885742,8.428800582885742,0,0.0,0.0
2020-07-03 00:00:00+00:00,8.428800582885742,8.428800582885742,8.428800582885742,8.428800582885742,0,0.0,0.0
2020-07-06 00:00:00+00:00,8.428800582885742,8.428800582885742,8.428800582885742,8.428800582885742,0,0.0,0.0
2020-07-07 00:00:00+00:00,8.428800582885742,8.428800582885742,8.428800582885742,8.428800582885742,0,0.0,0.0
2020-07-08 00:00:00+00:00,8.428800582885742,8.428800582885742,8.428800582885742,8.428800582885742,0,0.0,0.0
2020-07-09 00:00:00+00:00,8.428800582885742,8.428800582885742,8.428800582885742,8.428800582885742,0,0.0,0.0
2020-07-10 00:00:00+00:00,8.329637844812705,8.428800582885742,8.329637844812705,8.428800582885742,800,0.0,0.0
2020-07-13 00:00:00+00:00,8.428800582885742,8.428800582885742,8.428800582885742,8.428800582885742,0,0.0,0.0
2020-07-14 00:00:00+00:00,8.30980539616229,8.399051666259766,8.30980539616229,8.399051666259766,700,0.0,0.0
2020-07-15 00:00:00+00:00,8.518046379089355,8.518046379089355,8.518046379089355,8.518046379089355,300,0.0,0.0
2020-07-16 00:00:00+00:00,8.518046379089355,8.518046379089355,8.518046379089355,8.518046379089355,0,0.0,0.0
2020-07-17 00:00:00+00:00,8.518046379089355,8.518046379089355,8.518046379089355,8.518046379089355,0,0.0,0.0
2020-07-20 00:00:00+00:00,8.518046379089355,8.518046379089355,8.518046379089355,8.518046379089355,0,0.0,0.0
2020-07-21 00:00:00+00:00,8.666790008544922,8.666790008544922,8.666790008544922,8.666790008544922,200,0.0,0.0
2020-07-22 00:00:00+00:00,8.666790008544922,8.666790008544922,8.666790008544922,8.666790008544922,0,0.0,0.0
2020-07-23 00:00:00+00:00,8.756035804748535,8.756035804748535,8.756035804748535,8.756035804748535,300,0.0,0.0
2020-07-24 00:00:00+00:00,8.706454756657434,8.716371219409588,8.676706314086914,8.676706314086914,900,0.0,0.0
2020-07-27 00:00:00+00:00,8.70645523071289,8.70645523071289,8.70645523071289,8.70645523071289,600,0.0,0.0
2020-07-28 00:00:00+00:00,8.676706314086914,8.676706314086914,8.676706314086914,8.676706314086914,100,0.0,0.0
2020-07-29 00:00:00+00:00,8.785784564167889,8.795701026916504,8.785784564167889,8.795701026916504,200,0.0,0.0
2020-07-30 00:00:00+00:00,8.795701026916504,8.795701026916504,8.795701026916504,8.795701026916504,0,0.0,0.0
2020-07-31 00:00:00+00:00,8.617208480834961,8.617208480834961,8.617208480834961,8.617208480834961,900,0.0,0.0
2020-08-04 00:00:00+00:00,8.617208480834961,8.617208480834961,8.617208480834961,8.617208480834961,0,0.0,0.0
2020-08-05 00:00:00+00:00,8.746119499206545,8.746119499206545,8.746119499206545,8.746119499206543,600,0.0,0.0
2020-08-06 00:00:00+00:00,8.746119499206545,8.746119499206545,8.746119499206545,8.746119499206543,0,0.0,0.0
2020-08-07 00:00:00+00:00,8.746119499206545,8.746119499206545,8.746119499206545,8.746119499206543,0,0.0,0.0
2020-08-10 00:00:00+00:00,8.746119499206545,8.746119499206545,8.746119499206545,8.746119499206543,0,0.0,0.0
2020-08-11 00:00:00+00:00,8.746119499206545,8.746119499206545,8.746119499206545,8.746119499206543,0,0.0,0.0
2020-08-12 00:00:00+00:00,8.746119499206545,8.746119499206545,8.746119499206545,8.746119499206543,0,0.0,0.0
2020-08-13 00:00:00+00:00,8.726287999367505,8.726287999367505,8.716371536254883,8.716371536254883,1100,0.0,0.0
2020-08-14 00:00:00+00:00,8.666790008544922,8.666790008544922,8.666790008544922,8.666790008544922,300,0.0,0.0
2020-08-17 00:00:00+00:00,8.666790008544922,8.666790008544922,8.666790008544922,8.666790008544922,0,0.0,0.0
2020-08-18 00:00:00+00:00,8.666790008544922,8.666790008544922,8.666790008544922,8.666790008544922,0,0.0,0.0
2020-08-19 00:00:00+00:00,8.716371536254883,8.716371536254883,8.716371536254883,8.716371536254883,2000,0.0,0.0
2020-08-20 00:00:00+00:00,8.716371536254883,8.716371536254883,8.716371536254883,8.716371536254883,0,0.0,0.0
2020-08-21 00:00:00+00:00,8.716371536254883,8.716371536254883,8.716371536254883,8.716371536254883,0,0.0,0.0
2020-08-24 00:00:00+00:00,8.716371536254883,8.716371536254883,8.716371536254883,8.716371536254883,0,0.0,0.0
2020-08-25 00:00:00+00:00,8.716371536254883,8.716371536254883,8.716371536254883,8.716371536254883,0,0.0,0.0
2020-08-26 00:00:00+00:00,8.716371536254883,8.716371536254883,8.716371536254883,8.716371536254883,0,0.0,0.0
2020-08-27 00:00:00+00:00,8.627124786376953,8.627124786376953,8.627124786376953,8.627124786376953,200,0.0,0.0
2020-08-28 00:00:00+00:00,8.627124786376953,8.627124786376953,8.627124786376953,8.627124786376953,0,0.0,0.0
2020-08-31 00:00:00+00:00,8.70645508070092,8.70645508070092,8.597376823425293,8.597376823425293,1200,0.0,0.0
2020-09-01 00:00:00+00:00,8.597376823425293,8.597376823425293,8.597376823425293,8.597376823425293,200,0.0,0.0
2020-09-02 00:00:00+00:00,8.726287841796875,8.726287841796875,8.726287841796875,8.726287841796875,300,0.0,0.0
2020-09-03 00:00:00+00:00,8.726287841796875,8.726287841796875,8.726287841796875,8.726287841796875,0,0.0,0.0
2020-09-04 00:00:00+00:00,8.428800582885742,8.428800582885742,8.428800582885742,8.428800582885742,300,0.0,0.0
2020-09-08 00:00:00+00:00,8.428800582885742,8.428800582885742,8.428800582885742,8.428800582885742,0,0.0,0.0
2020-09-09 00:00:00+00:00,8.428800582885742,8.428800582885742,8.428800582885742,8.428800582885742,600,0.0,0.0
2020-09-10 00:00:00+00:00,8.428800582885742,8.428800582885742,8.428800582885742,8.428800582885742,0,0.0,0.0
2020-09-11 00:00:00+00:00,8.428800582885742,8.428800582885742,8.428800582885742,8.428800582885742,0,0.0,0.0
2020-09-14 00:00:00+00:00,8.428800582885742,8.428800582885742,8.428800582885742,8.428800582885742,0,0.0,0.0
2020-09-15 00:00:00+00:00,8.438717360795856,8.468465805053713,8.438717360795856,8.468465805053711,900,0.0,0.0
2020-09-16 00:00:00+00:00,8.468465805053713,8.468465805053713,8.468465805053713,8.468465805053711,0,0.0,0.0
2020-09-17 00:00:00+00:00,8.468465805053713,8.468465805053713,8.468465805053713,8.468465805053711,0,0.0,0.0
2020-09-18 00:00:00+00:00,8.438716888427734,8.438716888427734,8.438716888427734,8.438716888427734,200,0.0,0.0
2020-09-21 00:00:00+00:00,8.438716888427734,8.438716888427734,8.438716888427734,8.438716888427734,0,0.0,0.0
2020-09-22 00:00:00+00:00,8.438716888427734,8.438716888427734,8.438716888427734,8.438716888427734,0,0.0,0.0
2020-09-23 00:00:00+00:00,8.438716888427734,8.438716888427734,8.438716888427734,8.438716888427734,0,0.0,0.0
2020-09-24 00:00:00+00:00,8.438716888427734,8.438716888427734,8.438716888427734,8.438716888427734,0,0.0,0.0
2020-09-25 00:00:00+00:00,8.34947061496385,8.438716888427734,8.34947061496385,8.438716888427734,11200,0.0,0.0
2020-09-28 00:00:00+00:00,8.438716888427734,8.438716888427734,8.438716888427734,8.438716888427734,0,0.0,0.0
2020-09-29 00:00:00+00:00,8.478381631524028,8.508130073547363,8.478381631524028,8.508130073547363,200,0.0,0.0
2020-09-30 00:00:00+00:00,8.508130073547363,8.508130073547363,8.508130073547363,8.508130073547363,0,0.0,0.0
2020-10-01 00:00:00+00:00,8.508130073547363,8.508130073547363,8.508130073547363,8.508130073547363,0,0.0,0.0
2020-10-02 00:00:00+00:00,8.6965389251709,8.6965389251709,8.6965389251709,8.696538925170898,1000,0.0,0.0
2020-10-05 00:00:00+00:00,8.785784721374512,8.785784721374512,8.785784721374512,8.785784721374512,1500,0.0,0.0
2020-10-06 00:00:00+00:00,8.785784721374512,8.785784721374512,8.785784721374512,8.785784721374512,0,0.0,0.0
2020-10-07 00:00:00+00:00,8.785784721374512,8.785784721374512,8.785784721374512,8.785784721374512,0,0.0,0.0
2020-10-08 00:00:00+00:00,8.785784721374512,8.785784721374512,8.785784721374512,8.785784721374512,0,0.0,0.0
2020-10-09 00:00:00+00:00,8.785784721374512,8.785784721374512,8.785784721374512,8.785784721374512,0,0.0,0.0
2020-10-13 00:00:00+00:00,8.785784721374512,8.785784721374512,8.785784721374512,8.785784721374512,0,0.0,0.0
2020-10-14 00:00:00+00:00,9.202266693115234,9.202266693115234,9.202266693115234,9.202266693115234,1100,0.0,0.0
2020-10-15 00:00:00+00:00,9.172517776489258,9.172517776489258,9.172517776489258,9.172517776489258,100,0.0,0.0
2020-10-16 00:00:00+00:00,9.172517776489258,9.172517776489258,9.172517776489258,9.172517776489258,0,0.0,0.0
2020-10-19 00:00:00+00:00,9.172517776489258,9.172517776489258,9.172517776489258,9.172517776489258,700,0.0,0.0
2020-10-20 00:00:00+00:00,9.172517776489258,9.172517776489258,9.172517776489258,9.172517776489258,0,0.0,0.0
2020-10-21 00:00:00+00:00,9.172517776489258,9.172517776489258,9.172517776489258,9.172517776489258,0,0.0,0.0
2020-10-22 00:00:00+00:00,9.172517776489258,9.172517776489258,9.172517776489258,9.172517776489258,0,0.0,0.0
2020-10-23 00:00:00+00:00,9.172517776489258,9.172517776489258,9.172517776489258,9.172517776489258,100,0.0,0.0
2020-10-26 00:00:00+00:00,9.113019943237305,9.113019943237305,9.113019943237305,9.113019943237305,700,0.0,0.0
2020-10-27 00:00:00+00:00,9.113019943237305,9.113019943237305,9.113019943237305,9.113019943237305,0,0.0,0.0
2020-10-28 00:00:00+00:00,9.113019943237305,9.113019943237305,9.113019943237305,9.113019943237305,0,0.0,0.0
2020-10-29 00:00:00+00:00,9.113019943237305,9.113019943237305,9.113019943237305,9.113019943237305,0,0.0,0.0
2020-10-30 00:00:00+00:00,8.627124786376953,8.627124786376953,8.627124786376953,8.627124786376953,600,0.0,0.0
2020-11-02 00:00:00+00:00,8.627124786376953,8.627124786376953,8.627124786376953,8.627124786376953,0,0.0,0.0
2020-11-03 00:00:00+00:00,8.934528350830078,8.934528350830078,8.934528350830078,8.934528350830078,100,0.0,0.0
2020-11-04 00:00:00+00:00,8.934528350830078,8.934528350830078,8.934528350830078,8.934528350830078,0,0.0,0.0
2020-11-05 00:00:00+00:00,9.13285367438885,9.13285367438885,9.063440322875977,9.063440322875977,700,0.0,0.0
2020-11-06 00:00:00+00:00,9.063440322875977,9.063440322875977,9.063440322875977,9.063440322875977,0,0.0,0.0
2020-11-09 00:00:00+00:00,9.063440322875977,9.063440322875977,9.063440322875977,9.063440322875977,0,0.0,0.0
2020-11-10 00:00:00+00:00,9.023775100708008,9.023775100708008,9.023775100708008,9.023775100708008,100,0.0,0.0
2020-11-11 00:00:00+00:00,9.023775100708008,9.023775100708008,9.023775100708008,9.023775100708008,0,0.0,0.0
2020-11-12 00:00:00+00:00,9.023775100708008,9.023775100708008,9.023775100708008,9.023775100708008,0,0.0,0.0
2020-11-13 00:00:00+00:00,9.3510103225708,9.3510103225708,9.3510103225708,9.3510103225708,500,0.0,0.0
2020-11-16 00:00:00+00:00,9.450172424316406,9.450172424316406,9.440256907267404,9.450172424316406,5700,0.0,0.0
2020-11-17 00:00:00+00:00,9.450172424316406,9.450172424316406,9.450172424316406,9.450172424316406,1100,0.0,0.0
2020-11-18 00:00:00+00:00,9.420424461364746,9.420424461364746,9.420424461364746,9.420424461364746,600,0.0,0.0
2020-11-19 00:00:00+00:00,9.420424461364746,9.420424461364746,9.420424461364746,9.420424461364746,0,0.0,0.0
2020-11-20 00:00:00+00:00,9.41050752453424,9.41050752453424,9.390675544738771,9.39067554473877,3600,0.0,0.0
2020-11-23 00:00:00+00:00,9.390675544738771,9.390675544738771,9.390675544738771,9.39067554473877,0,0.0,0.0
2020-11-24 00:00:00+00:00,9.499753634453123,9.499753634453123,9.460088729858398,9.460088729858398,2200,0.0,0.0
2020-11-25 00:00:00+00:00,9.460088729858398,9.460088729858398,9.460088729858398,9.460088729858398,0,0.0,0.0
2020-11-26 00:00:00+00:00,9.341094333255212,9.380759239196777,9.341094333255212,9.380759239196777,900,0.0,0.0
2020-11-27 00:00:00+00:00,9.39067601733146,9.420424461364746,9.360926627612189,9.420424461364746,3800,0.0,0.0
2020-11-30 00:00:00+00:00,9.301429590995765,9.31134605407715,9.301429590995765,9.311346054077148,4600,0.0,0.0
2020-12-01 00:00:00+00:00,9.360926628112791,9.360926628112791,9.360926628112791,9.360926628112793,200,0.0,0.0
2020-12-02 00:00:00+00:00,9.440257396967974,9.440257396967974,9.271681304473118,9.301429748535156,2500,0.0,0.0
2020-12-03 00:00:00+00:00,9.301429748535156,9.301429748535156,9.301429748535156,9.301429748535156,0,0.0,0.0
2020-12-04 00:00:00+00:00,9.301429748535156,9.301429748535156,9.301429748535156,9.301429748535156,0,0.0,0.0
2020-12-07 00:00:00+00:00,9.370842933654785,9.370842933654785,9.370842933654785,9.370842933654785,100,0.0,0.0
2020-12-08 00:00:00+00:00,9.370842933654785,9.370842933654785,9.370842933654785,9.370842933654785,0,0.0,0.0
2020-12-09 00:00:00+00:00,9.370842933654785,9.370842933654785,9.370842933654785,9.370842933654785,0,0.0,0.0
2020-12-10 00:00:00+00:00,9.370842933654785,9.370842933654785,9.370842933654785,9.370842933654785,0,0.0,0.0
2020-12-11 00:00:00+00:00,9.321261405944824,9.321261405944824,9.321261405944824,9.321261405944824,500,0.0,0.0
2020-12-14 00:00:00+00:00,9.212183462252419,9.370843091353079,9.212183462252419,9.360926628112793,10600,0.0,0.0
2020-12-15 00:00:00+00:00,9.360926628112791,9.360926628112791,9.360926628112791,9.360926628112793,0,0.0,0.0
2020-12-16 00:00:00+00:00,9.460088729858398,9.460088729858398,9.460088729858398,9.460088729858398,200,0.0,0.0
2020-12-17 00:00:00+00:00,9.450172583203992,9.499753952026367,9.450172583203992,9.499753952026367,8100,0.0,0.0
2020-12-18 00:00:00+00:00,9.60883204238766,9.60883204238766,9.569167137145996,9.569167137145996,2200,0.0,0.0
2020-12-21 00:00:00+00:00,9.569167137145996,9.569167137145996,9.569167137145996,9.569167137145996,0,0.0,0.0
2020-12-22 00:00:00+00:00,9.549335315951799,9.618748664855955,9.549335315951799,9.618748664855957,1700,0.0,0.0
2020-12-23 00:00:00+00:00,9.618748664855955,9.618748664855955,9.618748664855955,9.618748664855957,0,0.0,0.0
2020-12-24 00:00:00+00:00,9.58899974822998,9.58899974822998,9.58899974822998,9.58899974822998,300,0.0,0.0
2020-12-29 00:00:00+00:00,9.58899974822998,9.58899974822998,9.58899974822998,9.58899974822998,0,0.0,0.0
2020-12-30 00:00:00+00:00,9.649999618530273,9.649999618530273,9.569999694824219,9.569999694824219,13800,0.081,0.0
2020-12-31 00:00:00+00:00,9.539999961853027,9.539999961853027,9.539999961853027,9.539999961853027,500,0.0,0.0
2021-01-04 00:00:00+00:00,9.550000190734863,9.550000190734863,9.479999542236328,9.479999542236328,400,0.0,0.0
2021-01-05 00:00:00+00:00,9.510000228881836,9.539999961853027,9.510000228881836,9.539999961853027,200,0.0,0.0
2021-01-06 00:00:00+00:00,9.539999961853027,9.539999961853027,9.539999961853027,9.539999961853027,0,0.0,0.0
2021-01-07 00:00:00+00:00,9.539999961853027,9.539999961853027,9.539999961853027,9.539999961853027,0,0.0,0.0
2021-01-08 00:00:00+00:00,9.800000190734863,9.800000190734863,9.779999732971191,9.779999732971191,2400,0.0,0.0
2021-01-11 00:00:00+00:00,9.779999732971191,9.779999732971191,9.779999732971191,9.779999732971191,0,0.0,0.0
2021-01-12 00:00:00+00:00,9.850000381469727,9.850000381469727,9.850000381469727,9.850000381469727,300,0.0,0.0
2021-01-13 00:00:00+00:00,9.949999809265137,9.949999809265137,9.890000343322754,9.890000343322754,10000,0.0,0.0
2021-01-14 00:00:00+00:00,10.079999923706055,10.079999923706055,10.079999923706055,10.079999923706055,2000,0.0,0.0
2021-01-15 00:00:00+00:00,9.960000038146973,10.039999961853027,9.960000038146973,10.039999961853027,2400,0.0,0.0
2021-01-18 00:00:00+00:00,10.039999961853027,10.039999961853027,10.039999961853027,10.039999961853027,0,0.0,0.0
2021-01-19 00:00:00+00:00,10.039999961853027,10.039999961853027,10.039999961853027,10.039999961853027,0,0.0,0.0
2021-01-20 00:00:00+00:00,10.039999961853027,10.039999961853027,10.039999961853027,10.039999961853027,0,0.0,0.0
2021-01-21 00:00:00+00:00,10.100000381469727,10.100000381469727,10.069999694824219,10.069999694824219,900,0.0,0.0
2021-01-22 00:00:00+00:00,10.069999694824219,10.069999694824219,10.069999694824219,10.069999694824219,0,0.0,0.0
2021-01-25 00:00:00+00:00,10.369999885559082,10.369999885559082,10.319999694824219,10.319999694824219,2100,0.0,0.0
2021-01-26 00:00:00+00:00,10.180000305175781,10.180000305175781,10.15999984741211,10.170000076293945,3500,0.0,0.0
2021-01-27 00:00:00+00:00,10.140000343322754,10.140000343322754,10.140000343322754,10.140000343322754,500,0.0,0.0
2021-01-28 00:00:00+00:00,10.109999656677246,10.109999656677246,10.109999656677246,10.109999656677246,200,0.0,0.0
2021-01-29 00:00:00+00:00,9.970000267028809,9.970000267028809,9.960000038146973,9.960000038146973,900,0.0,0.0
2021-02-01 00:00:00+00:00,10.0600004196167,10.079999923706055,10.0600004196167,10.079999923706055,1500,0.0,0.0
2021-02-02 00:00:00+00:00,10.170000076293945,10.170000076293945,10.170000076293945,10.170000076293945,300,0.0,0.0
2021-02-03 00:00:00+00:00,10.170000076293945,10.170000076293945,10.170000076293945,10.170000076293945,0,0.0,0.0
2021-02-04 00:00:00+00:00,10.300000190734863,10.3100004196167,10.300000190734863,10.3100004196167,400,0.0,0.0
2021-02-05 00:00:00+00:00,10.449999809265137,10.470000267028809,10.449999809265137,10.470000267028809,3100,0.0,0.0
2021-02-08 00:00:00+00:00,10.479999542236328,10.479999542236328,10.479999542236328,10.479999542236328,2000,0.0,0.0
2021-02-09 00:00:00+00:00,10.5600004196167,10.5600004196167,10.5600004196167,10.5600004196167,200,0.0,0.0
2021-02-10 00:00:00+00:00,10.630000114440918,10.630000114440918,10.609999656677246,10.609999656677246,1300,0.0,0.0
2021-02-11 00:00:00+00:00,10.609999656677246,10.609999656677246,10.609999656677246,10.609999656677246,0,0.0,0.0
2021-02-12 00:00:00+00:00,10.699999809265137,10.699999809265137,10.65999984741211,10.65999984741211,800,0.0,0.0
2021-02-16 00:00:00+00:00,10.75,10.75,10.59000015258789,10.609999656677246,10300,0.0,0.0
2021-02-17 00:00:00+00:00,10.5600004196167,10.5600004196167,10.5600004196167,10.5600004196167,300,0.0,0.0
2021-02-18 00:00:00+00:00,10.470000267028809,10.470000267028809,10.470000267028809,10.470000267028809,1500,0.0,0.0
2021-02-19 00:00:00+00:00,10.670000076293945,10.670000076293945,10.649999618530273,10.649999618530273,117100,0.0,0.0
2021-02-22 00:00:00+00:00,10.609999656677246,10.609999656677246,10.609999656677246,10.609999656677246,3500,0.0,0.0
2021-02-23 00:00:00+00:00,10.470000267028809,10.550000190734863,10.4399995803833,10.550000190734863,13100,0.0,0.0
2021-02-24 00:00:00+00:00,10.550000190734863,10.550000190734863,10.550000190734863,10.550000190734863,0,0.0,0.0
2021-02-25 00:00:00+00:00,10.680000305175781,10.680000305175781,10.449999809265137,10.470000267028809,6100,0.0,0.0
2021-02-26 00:00:00+00:00,10.489999771118164,10.489999771118164,10.40999984741211,10.40999984741211,11200,0.0,0.0
2021-03-01 00:00:00+00:00,10.5,10.510000228881836,10.5,10.510000228881836,500,0.0,0.0
2021-03-02 00:00:00+00:00,10.640000343322754,10.640000343322754,10.420000076293945,10.470000267028809,1500,0.0,0.0
2021-03-03 00:00:00+00:00,10.40999984741211,10.449999809265137,10.380000114440918,10.380000114440918,3700,0.0,0.0
2021-03-04 00:00:00+00:00,10.210000038146973,10.279999732971191,10.149999618530273,10.149999618530273,2000,0.0,0.0
2021-03-05 00:00:00+00:00,10.100000381469727,10.369999885559082,10.069999694824219,10.369999885559082,3100,0.0,0.0
2021-03-08 00:00:00+00:00,10.529999732971191,10.539999961853027,10.489999771118164,10.489999771118164,3000,0.0,0.0
2021-03-09 00:00:00+00:00,10.59000015258789,10.640000343322754,10.569999694824219,10.569999694824219,6700,0.0,0.0
2021-03-10 00:00:00+00:00,10.670000076293945,10.710000038146973,10.670000076293945,10.680000305175781,5000,0.0,0.0
2021-03-11 00:00:00+00:00,10.5600004196167,10.760000228881836,10.5600004196167,10.729999542236328,7800,0.0,0.0
2021-03-12 00:00:00+00:00,10.770000457763672,10.770000457763672,10.770000457763672,10.770000457763672,500,0.0,0.0
2021-03-15 00:00:00+00:00,10.84000015258789,10.869999885559082,10.84000015258789,10.869999885559082,600,0.0,0.0
2021-03-16 00:00:00+00:00,10.829999923706055,10.84000015258789,10.760000228881836,10.760000228881836,3800,0.0,0.0
2021-03-17 00:00:00+00:00,10.850000381469727,10.850000381469727,10.710000038146973,10.75,10500,0.0,0.0
2021-03-18 00:00:00+00:00,10.609999656677246,10.75,10.609999656677246,10.680000305175781,11300,0.0,0.0
